module,r_surv,r_init,slack_P,slack_Q,maxcos,meancos,stable_rank,sr_over_r,lam_max,lam_min
h0.mlp.c_f,60,60,126.48876906614562,170.15391479024206,0.9402134189219657,0.6497247589217766,1.021987924162372,0.017033132069372865,0.1396089494228363,0.05360708758234978
h1.mlp.c_f,62,62,84.16953675090474,75.57654116118582,0.8659019191196788,0.5214297497369844,1.036098526680512,0.016711266559363096,0.14058823883533478,0.037351056933403015
h23.mlp.c_f,64,64,67.83393619792427,67.54508711696502,0.9074301225178746,0.5825105104123571,1.0186683093249684,0.015916692333202632,0.11382881551980972,0.039555009454488754
h2.mlp.c_f,64,64,48.20022958523665,46.59609546421254,0.8201960116082767,0.482645050548766,1.0907430452045996,0.01704286008132187,0.10293272137641907,0.04211339354515076
h23.attn.c_att,64,64,44.15006451640391,245.29339259528763,0.9637964825829641,0.86707047923247,1.0027590309015566,0.015668109857836822,0.16784796118736267,0.0537341870367527
h1.attn.c_att,48,48,31.671745166296862,25.197063548319196,0.7899071235113354,0.4260066881207323,1.0315582283552531,0.021490796424067773,0.0824696496129036,0.02198706567287445
h22.mlp.c_f,59,59,22.040735562441718,23.396794444908092,0.7908628741823018,0.3595670151691623,1.0677997834287207,0.018098301414046114,0.09112732857465744,0.016703827306628227
h21.mlp.c_f,60,60,21.561997037802858,18.97477536893636,0.740146984235492,0.3597494595837747,1.088012814499303,0.018133546908321717,0.07938927412033081,0.020765019580721855
h22.attn.c_att,59,59,18.149285726321047,75.90629424035227,0.9081027037044767,0.6956309996173632,1.0187955505220823,0.01726772119528953,0.11877968162298203,0.037511974573135376
h4.mlp.c_f,57,57,16.98883839403538,8.44212747489602,0.48775885983126616,0.21691308214019234,1.2821214204157012,0.022493358252907037,0.09668111801147461,0.027156246826052666
h0.mlp.c_pro,58,58,14.6834664117582,59.68542062563804,0.714312626763503,0.21419105709770028,1.3398603992836575,0.02310104136695961,0.13496294617652893,0.02547609433531761
h3.mlp.c_f,60,60,14.590842812462634,10.53983304276214,0.6847423380665918,0.1968897580200847,1.2428787864231616,0.020714646440386026,0.08755955100059509,0.00860108807682991
h2.mlp.c_pro,64,64,14.086387951104436,87.77789591029702,0.7001951098116191,0.3315744728386481,1.0397911907071076,0.016246737354798556,0.07348214834928513,0.014027689583599567
h1.mlp.c_pro,64,64,10.696138894211092,46.010645830676836,0.6687831789697016,0.21438038943958368,1.8946518332187923,0.02960393489404363,0.08542223274707794,0.026372725144028664
h23.attn.c_pro,61,61,9.648733896756944,17.4945138467556,0.8509786555994713,0.22284743805901874,1.0331662544660303,0.016937151712557875,0.08771362900733948,0.007224143948405981
h1.attn.c_pro,55,55,9.590354529422298,15.899085230457331,0.7021718179599462,0.29129913112377004,1.0610118444455647,0.019291124444464812,0.08242543041706085,0.019187644124031067
h22.mlp.c_pro,59,59,9.528714024920086,52.0268114008228,0.7782981544424432,0.24506095797522154,1.0552269736727002,0.01788520294360509,0.09402287006378174,0.0046684942208230495
h0.attn.c_pro,46,46,8.395246827364257,12.1219413405983,0.7827868937826208,0.28387780853543587,1.1291749960974138,0.024547282523856823,0.08374819159507751,0.021114623174071312
h4.mlp.c_pro,58,58,8.250334037332538,14.001156779411163,0.48896307136520467,0.18886153440755515,1.4298007108319788,0.024651736393654807,0.060509562492370605,0.01154556404799223
h20.mlp.c_f,39,39,7.6839361936025075,3.8546335026180953,0.370443576177903,0.08179363405121778,2.46149971021941,0.06311537718511308,0.04808063060045242,0.01333443820476532
h5.mlp.c_pro,51,51,7.139568670982238,21.457866635550943,0.49163458896688966,0.20538602577716028,1.2554168299481006,0.024616016273492167,0.06376135349273682,0.017195139080286026
h3.mlp.c_pro,62,62,7.01173280024955,9.891270295570333,0.4029903637888602,0.173101555776334,1.676809305274332,0.027045311375392452,0.0798637643456459,0.009266266599297523
h19.mlp.c_f,35,35,6.989247070491688,3.5299464681034163,0.3177575454165624,0.08026480535506592,2.962411700186519,0.0846403342910434,0.07079078257083893,0.015714189037680626
h0.attn.c_att,39,39,6.784090353414449,8.768266002314315,0.6596966809526044,0.24288711630340956,1.490571566728058,0.038219783762257896,0.0817091092467308,0.01963520236313343
h20.mlp.c_pro,55,55,6.549996874611049,18.787129543151053,0.5617144040994793,0.1765437970416176,1.2620581661339982,0.02294651211152724,0.05716939643025398,0.007879053242504597
h16.mlp.c_f,34,34,6.111694212258483,3.412156858018037,0.1321611544158986,0.0701323198957274,4.7022129637827685,0.13830038128772848,0.0638306587934494,0.013881314545869827
h18.mlp.c_f,33,33,6.082930631160036,3.3690671861302177,0.19568430877902673,0.0684148942061116,3.978557129340995,0.12056233725275743,0.054672036319971085,0.012111461721360683
h6.mlp.c_pro,46,46,6.02393871159433,17.21636450527267,0.49350713492926074,0.19447614788838433,1.262056411753665,0.02743600895116663,0.06681837141513824,0.011089879088103771
h21.attn.c_att,29,29,5.95183685357656,23.432232464994875,0.8958444772155768,0.4378694829525934,1.0564218674396153,0.03642834025653846,0.17525678873062134,0.021307604387402534
h14.mlp.c_f,32,32,5.7663206163837035,3.3045714076749992,0.16050898668829738,0.06489469705686718,5.661548099941811,0.1769233781231816,0.0545208640396595,0.01101845782250166
h5.mlp.c_f,29,29,5.7396922088557885,3.142768226509692,0.1964121917658042,0.0735826744760262,4.057487532374317,0.13991336318532127,0.07109997421503067,0.009185440838336945
h19.mlp.c_pro,48,48,5.736273716236024,15.596586935517452,0.557836284880199,0.17316012256305457,1.3195834777268274,0.027491322452642238,0.054740652441978455,0.008662748150527477
h13.mlp.c_f,31,31,5.71905134199311,3.2482625717478397,0.2595140255844146,0.06421366695440198,3.553372802306469,0.11462492910666028,0.055250950157642365,0.014358466491103172
h8.mlp.c_f,28,28,5.70978349636683,3.0620414887618663,0.16057403049033728,0.07686831027462608,4.075975527935494,0.1455705545691248,0.051080428063869476,0.0062630330212414265
h6.mlp.c_f,31,31,5.6793640343159755,3.252966890742647,0.13292421311062347,0.06643730719883559,4.767341698144692,0.15378521606918363,0.057650793343782425,0.013078391551971436
h7.mlp.c_f,34,34,5.557300964594854,3.4223119838989495,0.1392518352226223,0.05703672823376696,6.668719907881307,0.19613882082003845,0.058415576815605164,0.006090942304581404
h7.mlp.c_pro,45,45,5.46538494403888,12.586281161828639,0.37923975650393077,0.1750260024505849,1.4013600383687153,0.03114133418597145,0.05835176259279251,0.01263152714818716
h15.mlp.c_pro,46,46,5.430791671808377,11.533678165732455,0.457778020900681,0.17450544752384609,1.446523705490613,0.0314461675106655,0.0629410594701767,0.012739631347358227
h21.mlp.c_pro,46,46,5.41881254631946,13.35045883460512,0.41030685546524004,0.17029977851926248,1.3889033029411402,0.03019355006393783,0.06445055454969406,0.006003957707434893
h16.mlp.c_pro,48,48,5.399980277634147,11.258764001220767,0.42577908717622065,0.16382844537917957,1.5511993155532937,0.032316652407360286,0.07405323535203934,0.013423112221062183
h11.mlp.c_f,32,32,5.2783822692515425,3.31026051021979,0.11013081669494451,0.05439628800372712,5.984062237979122,0.18700194493684758,0.0594441182911396,0.008274883963167667
h18.mlp.c_pro,47,47,5.263319541319694,10.347688688388356,0.3561037139430658,0.16038403321557435,1.5760072730594625,0.03353206963956303,0.05429966747760773,0.010323969647288322
h10.mlp.c_f,31,31,5.228452926823592,3.245613925206737,0.15314565509791642,0.05670525817390298,4.594711861819676,0.14821651167160246,0.055658742785453796,0.008682002313435078
h23.mlp.c_pro,60,60,5.190102358297567,7.288530751457046,0.24559482368142235,0.10450156845032045,2.865441412411266,0.047757356873521103,0.06250549107789993,0.005046140868216753
h14.mlp.c_pro,42,42,5.127545111068856,12.035865138745999,0.42662912741194636,0.1736087841404951,1.4094320229540565,0.03355790530842991,0.06843752413988113,0.012337611988186836
h2.attn.c_pro,35,35,4.908043433005756,5.679109929551271,0.42935468913499625,0.2235373926076222,1.2523468905948327,0.035781339731280934,0.06839432567358017,0.01815337873995304
h9.mlp.c_f,29,29,4.90749831017648,3.2002295345971055,0.10031245297669673,0.05257009000456112,6.532349626163536,0.22525343538494952,0.049961239099502563,0.009246318601071835
h17.mlp.c_f,27,27,4.847702666384752,3.07345849105928,0.11601481944058356,0.056293406470551983,4.094343697184542,0.15164235915498306,0.0691591426730156,0.006105464417487383
h12.mlp.c_pro,39,39,4.814660557830537,11.292362376646413,0.41856113809984274,0.1711247703242553,1.4496988862719593,0.03717176631466562,0.06901215016841888,0.007363787852227688
h10.mlp.c_pro,36,36,4.812644362245988,11.356720481300052,0.38688759685692664,0.1935052876679393,1.3734205090562634,0.038150569696007317,0.07450897991657257,0.01252542994916439
h12.mlp.c_f,28,28,4.797825047438213,3.1042917815154,0.13184990103519065,0.054484890481457895,6.113640988162427,0.21834432100580095,0.05855405330657959,0.008085846900939941
h17.mlp.c_pro,44,44,4.736747130977027,8.876873997506573,0.35199061361786405,0.14036464797302267,1.741558250209608,0.03958086932294564,0.0654316246509552,0.008154286071658134
h15.mlp.c_f,26,26,4.735025234176987,3.008419480393575,0.10654923862165133,0.06141731655311135,6.5197137265001475,0.25075822025000566,0.04262832924723625,0.012070992961525917
h13.mlp.c_pro,39,39,4.6875851759244895,10.396898454742074,0.4370406894894264,0.16902784126704082,1.4903113269331083,0.038213110947002776,0.05356600880622864,0.015053799375891685
h8.mlp.c_pro,35,35,4.665380755382481,12.098035106878442,0.41831813081034447,0.18413369392385065,1.326231052210257,0.03789231577743591,0.08980710059404373,0.007628369610756636
h9.mlp.c_pro,40,40,4.6337164986216575,10.070398636575952,0.38397220433524,0.15275295778832207,1.5518418403053813,0.03879604600763453,0.06902611255645752,0.01490028016269207
h11.mlp.c_pro,37,37,4.497827593314776,8.981816975984309,0.36392903417586997,0.1676491589356759,1.6121353934702984,0.04357122685054861,0.07757933437824249,0.014482459984719753
h3.attn.c_pro,28,28,4.199331487181894,5.734220057966324,0.600344223568567,0.2492202002901256,1.1876615508595048,0.042416483959268024,0.08968519419431686,0.02204689010977745
h3.attn.c_att,35,35,4.158370215675254,5.9495959647963925,0.5696285221948028,0.20828979491601662,1.5064393951786441,0.04304112557653269,0.07422354072332382,0.017605949193239212
h22.attn.c_pro,22,22,3.128991815468916,3.3399907039205816,0.4497255294546896,0.17930181819902183,1.454561359326404,0.06611642542392746,0.051254551857709885,0.022907473146915436
h20.attn.c_att,24,24,2.8865349900943427,3.7140106747840007,0.4868496354264533,0.17182903434753424,1.6278518901100452,0.06782716208791854,0.09603948891162872,0.013605658896267414
h2.attn.c_att,17,17,2.5325440585508416,2.7216836734766576,0.36888893583938015,0.19771441803729287,1.9899804295419754,0.11705767232599855,0.05877770110964775,0.01880398392677307
h19.attn.c_att,21,21,2.449307674685382,3.0696615953922213,0.43683140459436576,0.15054609753178505,2.0458281932115554,0.0974203901529312,0.0802556499838829,0.01906782016158104
h21.attn.c_pro,15,15,2.4001517512678876,2.8436948636306263,0.5920635169510435,0.21298209350079975,1.302459858588448,0.08683065723922986,0.09487050026655197,0.033566564321517944
h8.attn.c_pro,14,14,2.164651351206083,2.1544507459396134,0.27199137270627977,0.15347838370110223,1.9698018599736873,0.14070013285526337,0.07491303235292435,0.022272994741797447
h7.attn.c_att,20,20,2.0975516794552522,2.5693094709109427,0.28607558541024203,0.08212262205244784,2.9917340638679124,0.14958670319339562,0.07265613973140717,0.009800488129258156
h6.attn.c_pro,12,12,2.0281746427120924,1.9858473489007877,0.3063016277913705,0.1779404403665458,1.7462339740560533,0.14551949783800444,0.07506904751062393,0.024783553555607796
h9.attn.c_pro,12,12,2.0026494454059582,1.9680041765302554,0.28877260072647143,0.1564582188097906,1.8325935634935369,0.15271613029112807,0.06629043072462082,0.02288690395653248
h7.attn.c_pro,11,11,1.9039928210607924,1.9009794038570509,0.2408296624776297,0.17072821718298511,1.8736304456955155,0.17033004051777415,0.06757143139839172,0.03032025322318077
h20.attn.c_pro,11,11,1.891471132205864,1.8986590988832215,0.30483964273972847,0.16313245886911165,1.7299984597242268,0.157272587247657,0.061749957501888275,0.02180740050971508
h17.attn.c_att,15,15,1.799321398849363,2.3245500263655594,0.36942032950943254,0.12838070409112237,2.405002611509281,0.16033350743395208,0.05382871255278587,0.014034409075975418
h6.attn.c_att,16,16,1.7201438550329586,2.288228749222469,0.2674082092461605,0.08855659109392894,2.7097907215749952,0.1693619200984372,0.07498463988304138,0.017932593822479248
h4.attn.c_pro,9,9,1.673365812039653,1.6891621616739667,0.2896921844803012,0.16135885192636892,1.7912966227610234,0.19903295808455815,0.07427780330181122,0.028805678710341454
h11.attn.c_att,17,17,1.664543937570628,2.4022354973764872,0.3133287943935793,0.08558749482206597,2.4862436722835257,0.14624962778138387,0.07048504054546356,0.013036937452852726
h17.attn.c_pro,8,8,1.573873135485326,1.6057114625366742,0.31197305180079404,0.2130737264006677,1.7483921300270966,0.21854901625338707,0.07155726104974747,0.03722001984715462
h14.attn.c_pro,8,8,1.569563749229815,1.5757775580672466,0.29849333354051866,0.16535054183907824,1.7067994781462217,0.2133499347682777,0.07451406866312027,0.02813991717994213
h10.attn.c_pro,8,8,1.5576741083708596,1.5550883043835797,0.20464958830177407,0.13848090212712572,2.337741695583119,0.29221771194788987,0.06987743079662323,0.02501743659377098
h18.attn.c_att,13,13,1.55266311428212,2.1954777034631396,0.46500187597664466,0.12669160060479015,1.839747583864568,0.14151904491265907,0.08075850456953049,0.013118017464876175
h8.attn.c_att,13,13,1.5443071505321742,2.0323039336607325,0.348274659743882,0.08905787903076913,2.380194104516376,0.18309185419356738,0.06247302517294884,0.018166635185480118
h12.attn.c_pro,8,8,1.543268961170728,1.556445151022464,0.22007889449480145,0.1398707829223408,2.136554971390598,0.26706937142382475,0.0742030069231987,0.03241119533777237
h15.attn.c_att,16,16,1.5002397364732523,2.28946587984163,0.2582556918774227,0.05301302437457363,3.395124957985137,0.21219530987407106,0.08195573091506958,0.008396942168474197
h5.attn.c_pro,7,7,1.451737476280728,1.4442223340258808,0.30476892225280666,0.1878410678861298,1.726837811266311,0.24669111589518727,0.07069814950227737,0.03711066022515297
h19.attn.c_pro,7,7,1.4314251422953235,1.4522329607984585,0.2663481240787736,0.16567520154045529,1.8982781495722982,0.2711825927960426,0.05892344191670418,0.03388018161058426
h9.attn.c_att,14,14,1.4032392635407358,2.1353051434108883,0.20186574574652413,0.05234107619561129,2.705813358018226,0.19327238271558758,0.08112268149852753,0.013049198314547539
h14.attn.c_att,13,13,1.3816302502378015,2.0407096047105853,0.2786821914329125,0.08054559557636233,3.0778004446586453,0.23675388035835734,0.04495861381292343,0.015429978258907795
h13.attn.c_pro,6,6,1.3234617542913747,1.2928747945592394,0.31298755412423723,0.15613085905960278,1.7085649747917502,0.2847608291319584,0.06891173124313354,0.03295014798641205
h11.attn.c_pro,5,5,1.2218161985018106,1.1726918644318636,0.21746356452985724,0.180469903914592,1.874690312675969,0.3749380625351938,0.05567791312932968,0.03825407475233078
h18.attn.c_pro,5,5,1.18410075744461,1.1851728548397393,0.30991394008725176,0.1897267064892576,1.5155990521771623,0.30311981043543246,0.07794825732707977,0.03613067418336868
h15.attn.c_pro,5,5,1.1794377383249124,1.2274487947995227,0.23220796467880228,0.17814332363644708,1.9755332845499511,0.39510665690999025,0.05953149497509003,0.02504728175699711
h16.attn.c_att,10,10,1.1669118580114475,1.77810029150497,0.225606545780392,0.07283182398570938,3.0344662912420235,0.30344662912420234,0.056158412247896194,0.020291132852435112
h16.attn.c_pro,4,4,1.054887492930152,1.0516846803612485,0.23991507290809555,0.21709981438319004,1.7166609972807148,0.4291652493201787,0.06040770187973976,0.04715139418840408
h13.attn.c_att,9,9,1.0393339851863472,1.7038905700854368,0.15371878305147357,0.0494506227034678,3.2604811083130496,0.36227567870144994,0.061072781682014465,0.021193990483880043
h12.attn.c_att,9,9,0.9550135103542473,1.74279832608775,0.11479173435709954,0.039409948658282214,4.996300580216182,0.5551445089129091,0.05361628904938698,0.02857317216694355
h10.attn.c_att,6,6,0.8378948775628653,1.4060228278321505,0.1438550123328608,0.07563302730419844,2.791228131480965,0.46520468858016084,0.05315161868929863,0.029514366760849953
h5.attn.c_att,5,5,0.744503893142783,1.2367582379692776,0.12554399355997925,0.058951642503154066,3.245900273270733,0.6491800546541466,0.05014154314994812,0.031086288392543793
h4.attn.c_att,4,4,0.6112923911175856,1.0949433240459323,0.1264619927940656,0.07874424890279147,2.0048063140702546,0.5012015785175636,0.08146572858095169,0.040357425808906555
