video,user,mae,rmse
4,26,5.130865573883057,5.374561786651611
4,26,15.933228492736816,22.987144470214844
4,26,4.680935382843018,5.12064790725708
4,26,4.924798488616943,5.25797176361084
4,26,27.043230056762695,74.88800811767578
4,26,4.253382682800293,4.6488800048828125
4,26,10.167597770690918,13.682069778442383
4,26,4.312002182006836,4.903593063354492
4,26,6.4510602951049805,7.131795406341553
4,26,7.352944850921631,8.592741966247559
4,26,13.351788520812988,23.137481689453125
4,26,6.130009651184082,6.4300665855407715
4,26,4.628886699676514,5.098480701446533
4,26,5.476771831512451,5.838715076446533
24,22,3.3229241371154785,3.790240526199341
24,22,8.362196922302246,9.037898063659668
24,22,5.359891891479492,6.12733793258667
24,22,5.666416645050049,6.313094139099121
24,22,4.505648136138916,5.366283893585205
24,22,9.519702911376953,10.823995590209961
24,22,4.836840629577637,5.408901214599609
24,22,10.711469650268555,12.301224708557129
24,22,8.756866455078125,9.413179397583008
24,22,6.865571022033691,7.536167621612549
24,22,8.794801712036133,13.188797950744629
24,22,7.33660364151001,12.045623779296875
24,22,5.651510715484619,6.530652046203613
24,22,18.49214744567871,24.753929138183594
4,7,19.555837631225586,28.969148635864258
4,7,13.662662506103516,22.12381935119629
4,7,7.082900047302246,8.088750839233398
4,7,7.690250873565674,8.339591979980469
4,7,7.4840168952941895,9.643250465393066
4,7,8.690444946289062,8.837428092956543
4,7,10.068558692932129,14.041705131530762
4,7,6.080382347106934,7.139378070831299
4,7,8.810745239257812,11.487828254699707
4,7,10.10685920715332,11.572611808776855
4,7,14.256083488464355,16.327600479125977
4,7,10.619301795959473,13.170775413513184
4,7,8.645092964172363,9.214422225952148
4,7,13.248411178588867,16.15996742248535
24,35,7.7414374351501465,9.705641746520996
24,35,8.95137882232666,10.691573143005371
24,35,13.295517921447754,16.845600128173828
24,35,6.73850154876709,8.034299850463867
24,35,17.256784439086914,22.02464485168457
24,35,6.998270511627197,8.419351577758789
24,35,20.449682235717773,22.620502471923828
24,35,9.66666030883789,10.847940444946289
24,35,6.82004451751709,8.885457992553711
24,35,8.941643714904785,10.797690391540527
24,35,13.498814582824707,15.95341682434082
24,35,17.127355575561523,22.231769561767578
24,35,6.979063034057617,8.25274658203125
24,35,10.108845710754395,12.941222190856934
4,60,12.072844505310059,18.184484481811523
4,60,4.900328636169434,5.93502140045166
4,60,3.900670051574707,4.795483589172363
4,60,10.661282539367676,13.926948547363281
4,60,6.707253932952881,7.240655899047852
4,60,23.239938735961914,35.13420486450195
4,60,7.184566020965576,10.017388343811035
4,60,4.676116943359375,5.761580944061279
4,60,13.465421676635742,19.71940040588379
4,60,8.18570613861084,11.169428825378418
4,60,7.012935161590576,11.130149841308594
4,60,8.786917686462402,10.860555648803711
4,60,4.84349250793457,5.633568286895752
4,60,9.893599510192871,16.67644500732422
25,49,30.22905921936035,45.02609634399414
25,49,49.67329788208008,106.12408447265625
25,49,19.826934814453125,22.94588279724121
25,49,53.84032440185547,93.59996032714844
25,49,42.06358337402344,79.45258331298828
25,49,23.47198486328125,24.750215530395508
25,49,18.197031021118164,28.572378158569336
25,49,21.627239227294922,35.8133430480957
25,49,9.185758590698242,12.667340278625488
25,49,27.50185775756836,29.37513542175293
25,49,28.92299461364746,38.234981536865234
25,49,20.825410842895508,38.827552795410156
25,49,40.31475830078125,88.50389862060547
25,49,15.186078071594238,19.91628074645996
8,3,39.99977493286133,65.27796936035156
8,3,10.300383567810059,12.137918472290039
8,3,25.344654083251953,43.75946044921875
8,3,6.761749267578125,8.47429084777832
8,3,12.118348121643066,14.413408279418945
8,3,11.352010726928711,15.023630142211914
8,3,7.3505449295043945,8.490522384643555
8,3,14.824381828308105,19.244075775146484
8,3,17.87928009033203,23.45172691345215
8,3,5.612588405609131,6.788491725921631
8,3,15.2349271774292,20.875770568847656
8,3,42.47752380371094,111.15252685546875
8,3,7.73533821105957,9.124282836914062
8,3,10.70036506652832,12.535673141479492
18,55,6.408778667449951,7.563743591308594
18,55,9.023059844970703,12.135011672973633
18,55,26.878755569458008,45.744808197021484
18,55,11.173511505126953,20.715850830078125
18,55,7.539400100708008,9.148507118225098
18,55,17.576663970947266,22.322973251342773
18,55,8.978658676147461,11.153397560119629
18,55,28.70987319946289,37.095638275146484
18,55,14.43127155303955,16.700227737426758
18,55,6.592187404632568,6.900296688079834
14,44,4.932490348815918,7.477608680725098
14,44,9.857666015625,14.449872016906738
14,44,9.198213577270508,13.201563835144043
14,44,6.145533084869385,7.997081756591797
14,44,9.287933349609375,12.95086669921875
14,44,9.354663848876953,12.713210105895996
14,44,13.99417781829834,20.488656997680664
14,44,13.972793579101562,18.93929672241211
14,44,7.499455451965332,19.482280731201172
14,44,18.52096939086914,29.431486129760742
14,44,10.12256145477295,15.76894474029541
14,44,19.560138702392578,28.147136688232422
14,44,3.6804163455963135,5.281813144683838
14,44,9.9362154006958,13.024373054504395
24,21,8.326666831970215,10.11351490020752
24,21,10.583657264709473,12.531895637512207
24,21,11.244413375854492,13.15295124053955
24,21,7.390832424163818,8.254734992980957
24,21,5.4709272384643555,6.234540939331055
24,21,5.595803737640381,7.082381725311279
24,21,17.681005477905273,23.215660095214844
24,21,7.823858261108398,10.84353256225586
24,21,4.201096534729004,5.141079902648926
24,21,8.221034049987793,10.168045043945312
24,21,9.734355926513672,11.046168327331543
24,21,11.334757804870605,17.314926147460938
24,21,7.864658832550049,10.387191772460938
24,21,5.891760349273682,6.971174240112305
14,4,10.230535507202148,12.217822074890137
14,4,7.819279193878174,8.724525451660156
14,4,6.589204788208008,7.045605659484863
14,4,19.28933334350586,29.814828872680664
14,4,6.390055179595947,7.491623878479004
14,4,27.0880184173584,98.27884674072266
14,4,5.511063575744629,6.141798496246338
14,4,10.049102783203125,12.146782875061035
14,4,6.620274066925049,8.064667701721191
14,4,21.63953971862793,36.31047821044922
14,4,7.786435604095459,9.212681770324707
14,4,43.7741813659668,70.89547729492188
14,4,8.452239990234375,9.19286060333252
14,4,13.707625389099121,22.60699462890625
14,3,24.1497859954834,28.294158935546875
14,3,17.601154327392578,25.765092849731445
14,3,10.47329044342041,12.471324920654297
14,3,12.770990371704102,17.66627311706543
14,3,3.8059003353118896,5.559360504150391
14,3,12.02493667602539,17.22920036315918
14,3,17.01490020751953,26.11688804626465
14,3,13.782671928405762,19.351160049438477
14,3,4.560740947723389,5.490346908569336
14,3,10.069123268127441,12.408101081848145
14,3,16.839988708496094,21.276582717895508
14,3,4.541251182556152,5.726954936981201
14,3,11.183451652526855,17.977277755737305
14,3,12.847697257995605,14.32838249206543
25,21,6.204012870788574,8.850639343261719
25,21,6.2163166999816895,8.811661720275879
25,21,16.98267364501953,27.95132064819336
25,21,5.8262553215026855,8.185742378234863
25,21,6.066160202026367,8.862143516540527
25,21,5.703279495239258,8.543539047241211
25,21,10.519633293151855,16.344520568847656
25,21,17.68058204650879,34.263145446777344
25,21,6.176389694213867,8.815168380737305
25,21,6.221670150756836,8.787920951843262
25,21,26.83112335205078,48.39310073852539
25,21,6.077840328216553,8.55305290222168
25,21,6.124579906463623,8.790966033935547
25,21,6.172335624694824,8.812748908996582
14,23,8.753244400024414,12.12789249420166
14,23,27.75185203552246,128.04156494140625
14,23,21.48369789123535,35.87296676635742
14,23,20.69626235961914,30.485837936401367
14,23,39.8593635559082,79.62353515625
14,23,48.12392044067383,83.61723327636719
14,23,40.23661804199219,81.10719299316406
14,23,49.84621810913086,74.43473052978516
14,23,42.10673522949219,66.13736724853516
14,23,21.41216278076172,30.203594207763672
14,23,38.644203186035156,133.71609497070312
14,23,13.871760368347168,27.26814079284668
14,23,43.09393310546875,86.3301773071289
14,23,30.05936622619629,51.391414642333984
8,7,15.346538543701172,20.191293716430664
8,7,12.047152519226074,16.218923568725586
8,7,6.847238063812256,7.238221168518066
8,7,20.909616470336914,30.358633041381836
8,7,15.104708671569824,19.39492416381836
8,7,23.006654739379883,33.00865936279297
8,7,24.65987205505371,33.747032165527344
8,7,5.923285007476807,6.26461935043335
8,7,10.82237434387207,13.605298042297363
8,7,16.141651153564453,21.997482299804688
8,7,14.021279335021973,19.38201904296875
8,7,11.169668197631836,13.53867244720459
8,7,14.576870918273926,18.644365310668945
8,7,10.373534202575684,10.942187309265137
18,84,36.959266662597656,45.22469711303711
18,84,9.095293998718262,10.539897918701172
18,84,12.59371566772461,15.514852523803711
18,84,9.80272102355957,11.90422534942627
18,84,11.821409225463867,14.241495132446289
18,84,22.541378021240234,29.83606719970703
18,84,32.225929260253906,51.948570251464844
18,84,6.052903175354004,7.301828861236572
18,84,8.567818641662598,10.65180492401123
18,84,9.07972526550293,10.764909744262695
25,53,42.644554138183594,68.343017578125
25,53,9.473361015319824,13.260926246643066
25,53,27.86869239807129,44.57416534423828
25,53,24.283199310302734,37.30832290649414
25,53,19.490549087524414,21.71104621887207
25,53,23.36005210876465,32.31515884399414
25,53,16.64271354675293,25.064918518066406
25,53,22.765148162841797,36.157203674316406
25,53,11.965516090393066,18.297632217407227
25,53,19.924482345581055,24.484695434570312
25,53,26.606992721557617,43.858516693115234
25,53,13.158132553100586,20.596017837524414
25,53,15.936631202697754,18.14596176147461
25,53,13.87378978729248,22.472637176513672
14,59,15.420167922973633,20.53449821472168
14,59,4.993074417114258,6.796588897705078
14,59,8.569192886352539,9.727319717407227
14,59,14.666481971740723,17.12079429626465
14,59,4.305769920349121,6.024442195892334
14,59,10.045888900756836,14.772993087768555
14,59,6.091065406799316,6.884655475616455
14,59,6.880017280578613,8.948257446289062
14,59,8.560394287109375,10.016670227050781
14,59,9.504476547241211,12.424309730529785
14,59,10.096360206604004,13.871536254882812
14,59,8.22573471069336,10.113309860229492
14,59,25.97308921813965,36.252777099609375
14,59,5.584511756896973,6.651594161987305
18,21,4.270255088806152,5.200350761413574
18,21,7.995158672332764,10.320648193359375
18,21,4.572911262512207,7.960519790649414
18,21,7.545849800109863,10.251235961914062
18,21,6.475433349609375,8.54930305480957
18,21,8.19049072265625,13.660721778869629
18,21,11.2911376953125,19.5300350189209
18,21,12.969670295715332,22.958932876586914
18,21,22.856386184692383,31.001352310180664
18,21,3.9091970920562744,5.089225769042969
18,30,5.9556050300598145,7.2972917556762695
18,30,6.719804763793945,7.939695835113525
18,30,5.273171901702881,5.98724365234375
18,30,4.718529224395752,5.5187225341796875
18,30,5.07077693939209,5.399254322052002
18,30,5.197548866271973,5.960173606872559
18,30,4.917321681976318,5.740847587585449
18,30,14.327814102172852,19.951496124267578
18,30,8.04410171508789,9.533297538757324
18,30,5.02851676940918,6.112076282501221
14,21,4.162769794464111,5.947319030761719
14,21,9.345661163330078,13.994948387145996
14,21,3.619063377380371,4.445991516113281
14,21,11.680280685424805,20.58017349243164
14,21,3.1141881942749023,4.473027229309082
14,21,3.215388536453247,4.011682510375977
14,21,3.2121760845184326,3.7699711322784424
14,21,12.085341453552246,16.52433967590332
14,21,2.297891855239868,3.0298914909362793
14,21,3.1224019527435303,3.717855453491211
14,21,3.073169469833374,3.7010931968688965
14,21,4.164509296417236,5.915005683898926
14,21,5.16798210144043,6.81552267074585
14,21,5.5574116706848145,7.814514636993408
24,3,11.139243125915527,14.193763732910156
24,3,12.143795013427734,13.388261795043945
24,3,43.0637092590332,62.98885726928711
24,3,16.539432525634766,20.84063148498535
24,3,15.625115394592285,20.068178176879883
24,3,5.150024890899658,7.638820648193359
24,3,16.701608657836914,21.46225357055664
24,3,14.367076873779297,15.883587837219238
24,3,12.515071868896484,13.978009223937988
24,3,9.110126495361328,10.225822448730469
24,3,18.627779006958008,21.720905303955078
24,3,30.258520126342773,43.00190353393555
24,3,10.765088081359863,14.311588287353516
24,3,7.2165207862854,9.298431396484375
24,59,15.037464141845703,22.032489776611328
24,59,8.162275314331055,13.96299934387207
24,59,8.60014533996582,11.06520938873291
24,59,4.002084255218506,6.190731048583984
24,59,6.475927352905273,8.162075996398926
24,59,7.149345874786377,9.437732696533203
24,59,14.428339958190918,18.63335418701172
24,59,9.490362167358398,11.394818305969238
24,59,8.652708053588867,10.914118766784668
24,59,10.393330574035645,14.888431549072266
24,59,6.620534896850586,8.322694778442383
24,59,7.82882022857666,9.597769737243652
24,59,21.68617820739746,26.834440231323242
24,59,5.191762447357178,6.18760347366333
8,47,7.698187351226807,8.564255714416504
8,47,7.452612400054932,9.057366371154785
8,47,24.267675399780273,28.198389053344727
8,47,16.030851364135742,19.43208122253418
8,47,24.673980712890625,28.52931785583496
8,47,15.637548446655273,17.810405731201172
8,47,8.01189136505127,9.682995796203613
8,47,13.523371696472168,16.88266944885254
8,47,16.786762237548828,19.4386043548584
8,47,7.88025426864624,9.482237815856934
8,47,9.531354904174805,11.580937385559082
8,47,17.556339263916016,20.112964630126953
8,47,19.36562728881836,22.18235206604004
8,47,8.681717872619629,10.318144798278809
8,26,11.080965042114258,13.488686561584473
8,26,8.393522262573242,11.495121002197266
8,26,9.777816772460938,11.94895076751709
8,26,7.686110496520996,8.8955717086792
8,26,21.728891372680664,27.068161010742188
8,26,3.695451259613037,4.175679683685303
8,26,4.392233848571777,4.909836769104004
8,26,15.773306846618652,17.83281135559082
8,26,4.6814093589782715,5.6703033447265625
8,26,4.497374057769775,5.6930365562438965
8,26,10.749666213989258,12.831137657165527
8,26,4.570511817932129,6.076175212860107
8,26,4.844913959503174,5.789674282073975
8,26,19.58649444580078,24.435447692871094
4,21,3.9641690254211426,4.889328956604004
4,21,3.9484684467315674,4.836035251617432
4,21,3.7053115367889404,4.557425498962402
4,21,3.915788173675537,4.792096138000488
4,21,3.6132476329803467,4.501267433166504
4,21,3.5751678943634033,4.322029113769531
4,21,4.422823429107666,5.5330328941345215
4,21,4.861273288726807,6.205461502075195
4,21,4.3207783699035645,5.374631404876709
4,21,3.506756544113159,4.246833801269531
4,21,3.680786609649658,4.501000881195068
4,21,5.813024044036865,7.136116027832031
4,21,7.095171928405762,11.425993919372559
4,21,4.112037658691406,5.040834426879883
8,22,6.303945064544678,7.411240577697754
8,22,4.842597007751465,6.407881736755371
8,22,5.450705051422119,6.31923246383667
8,22,4.555740833282471,5.064810752868652
8,22,4.880481243133545,5.4786481857299805
8,22,4.651960849761963,5.3405632972717285
8,22,4.868653774261475,5.663670063018799
8,22,5.076497554779053,6.13253116607666
8,22,5.176974296569824,6.173202037811279
8,22,3.7267391681671143,4.672811985015869
8,22,4.963178634643555,5.892632961273193
8,22,7.149348735809326,8.495338439941406
8,22,5.056631565093994,5.672051429748535
8,22,6.116562843322754,7.204633712768555
24,60,9.802945137023926,14.947417259216309
24,60,5.620005130767822,7.4669976234436035
24,60,7.732019901275635,11.014474868774414
24,60,3.4006855487823486,3.9676475524902344
24,60,16.2466983795166,26.837987899780273
24,60,6.524214267730713,8.93229866027832
24,60,7.762740612030029,10.966320037841797
24,60,9.686586380004883,15.902339935302734
24,60,7.477677822113037,13.8495454788208
24,60,7.83091402053833,11.044585227966309
24,60,7.4415483474731445,13.071877479553223
24,60,6.008548259735107,8.711466789245605
24,60,12.14675235748291,17.960988998413086
24,60,7.506688594818115,10.86894702911377
4,83,7.083739280700684,8.918476104736328
4,83,29.430599212646484,45.58682632446289
4,83,9.998126029968262,12.68696403503418
4,83,14.3395357131958,18.05885124206543
4,83,30.18366241455078,101.3751449584961
4,83,17.292356491088867,21.103647232055664
4,83,31.44971466064453,97.58160400390625
4,83,22.37708854675293,32.334136962890625
4,83,11.824841499328613,15.707836151123047
4,83,11.979814529418945,19.800621032714844
4,83,46.01592254638672,67.89378356933594
4,83,10.578042984008789,14.704553604125977
4,83,10.452927589416504,13.185361862182617
4,83,5.390945911407471,6.9166364669799805
8,59,5.402624130249023,7.156623840332031
8,59,5.930148124694824,6.826253890991211
8,59,6.7984514236450195,9.064021110534668
8,59,8.49308967590332,12.39858341217041
8,59,13.211638450622559,15.429177284240723
8,59,6.0357513427734375,7.651320934295654
8,59,5.1763386726379395,6.576893329620361
8,59,5.086392879486084,6.020616054534912
8,59,7.5330915451049805,9.191479682922363
8,59,6.151596546173096,6.784796237945557
8,59,7.5272393226623535,8.675448417663574
8,59,8.880350112915039,10.5409517288208
8,59,4.697958946228027,5.813839435577393
8,59,10.021652221679688,12.546950340270996
14,15,10.807822227478027,13.30150318145752
14,15,10.562322616577148,11.627205848693848
14,15,9.768194198608398,10.716190338134766
14,15,6.873791217803955,7.305192947387695
14,15,12.902077674865723,17.152423858642578
14,15,11.137716293334961,12.470805168151855
14,15,12.892868995666504,16.645015716552734
14,15,6.118112087249756,6.390247821807861
14,15,6.2684783935546875,6.661046981811523
14,15,9.103127479553223,9.99211311340332
14,15,5.283775329589844,5.623245716094971
14,15,6.361220836639404,6.820984840393066
14,15,8.233519554138184,8.582103729248047
14,15,6.46078634262085,6.74959659576416
24,15,18.414058685302734,26.071916580200195
24,15,37.474666595458984,49.29423141479492
24,15,9.90928840637207,10.410443305969238
24,15,19.497671127319336,43.95762634277344
24,15,21.04212760925293,25.80232810974121
24,15,11.885309219360352,15.321529388427734
24,15,30.605928421020508,46.094478607177734
24,15,10.197928428649902,11.868403434753418
24,15,7.946778774261475,8.450082778930664
24,15,10.21837329864502,11.548491477966309
24,15,6.398252487182617,7.808577537536621
24,15,12.920602798461914,15.83230209350586
24,15,11.936604499816895,13.538508415222168
24,15,16.5960636138916,24.779273986816406
24,23,10.478468894958496,12.54141616821289
24,23,8.396499633789062,9.841034889221191
24,23,16.574596405029297,22.63717269897461
24,23,10.5392427444458,12.39465618133545
24,23,6.529431343078613,7.791062355041504
24,23,34.2243766784668,52.776390075683594
24,23,9.438541412353516,12.100118637084961
24,23,18.538524627685547,29.46922492980957
24,23,6.258450508117676,7.379655361175537
24,23,6.825512409210205,8.33288288116455
24,23,7.817634582519531,9.22121810913086
24,23,11.439066886901855,16.683942794799805
24,23,12.801288604736328,16.461246490478516
24,23,8.64517593383789,10.094976425170898
25,83,47.16852951049805,117.72480773925781
25,83,28.730045318603516,65.9086685180664
25,83,52.05747604370117,94.43464660644531
25,83,55.497230529785156,112.36402130126953
25,83,34.43967056274414,55.609886169433594
25,83,36.41346740722656,125.80970001220703
25,83,53.85142135620117,99.63739776611328
25,83,11.340127944946289,39.90297317504883
25,83,33.79554748535156,133.27879333496094
25,83,27.715730667114258,37.71319580078125
25,83,31.967588424682617,108.11473846435547
25,83,27.117185592651367,36.46428298950195
25,83,44.47338104248047,94.35599517822266
25,83,52.672550201416016,92.24154663085938
24,7,10.916501998901367,13.826658248901367
24,7,17.141263961791992,22.49098014831543
24,7,13.967453002929688,18.283029556274414
24,7,22.819963455200195,35.58660125732422
24,7,12.980932235717773,14.349571228027344
24,7,36.595298767089844,51.639957427978516
24,7,25.56208610534668,27.805213928222656
24,7,26.716440200805664,36.969058990478516
24,7,12.04780387878418,13.82959270477295
24,7,9.643145561218262,10.531333923339844
24,7,11.75496768951416,16.52055549621582
24,7,16.593730926513672,20.472991943359375
24,7,8.850872993469238,10.229050636291504
24,7,14.38546371459961,29.04367446899414
18,49,11.59458065032959,15.084966659545898
18,49,9.386880874633789,15.479818344116211
18,49,11.626493453979492,17.751493453979492
18,49,8.861357688903809,11.072437286376953
18,49,18.183361053466797,23.34255027770996
18,49,49.439273834228516,131.55197143554688
18,49,10.129825592041016,13.674234390258789
18,49,32.98408889770508,52.58061599731445
18,49,12.371395111083984,19.919294357299805
18,49,14.275025367736816,18.523147583007812
18,49,34.470436096191406,71.41180419921875
18,49,17.05545425415039,22.27218246459961
18,49,14.012642860412598,16.09018898010254
4,84,28.13492774963379,42.43437194824219
4,84,14.142477035522461,20.639720916748047
4,84,33.18376541137695,53.68376541137695
4,84,14.409926414489746,21.24754524230957
4,84,4.742674350738525,5.151022434234619
4,84,3.8751022815704346,4.332255840301514
4,84,39.949378967285156,66.3320083618164
4,84,12.025923728942871,17.33914566040039
4,84,23.174734115600586,34.62795639038086
4,84,5.8732218742370605,8.970258712768555
4,84,6.296247482299805,12.473071098327637
4,84,9.970845222473145,16.448314666748047
4,84,12.149321556091309,19.37681007385254
4,84,3.643352746963501,4.106837272644043
14,83,15.047846794128418,20.658294677734375
14,83,8.58428955078125,10.904219627380371
14,83,22.585147857666016,32.52827835083008
14,83,6.193209648132324,9.486950874328613
14,83,15.195361137390137,23.295116424560547
14,83,9.214008331298828,12.73305606842041
14,83,12.693090438842773,21.72421646118164
14,83,7.795590400695801,10.481813430786133
14,83,17.938396453857422,38.63291931152344
14,83,8.549455642700195,13.63632869720459
14,83,22.330244064331055,37.81741714477539
14,83,12.545507431030273,20.138290405273438
14,83,16.053325653076172,21.407434463500977
14,83,22.711103439331055,59.67644500732422
14,45,5.19277811050415,8.574742317199707
14,45,4.072487831115723,5.619588851928711
14,45,6.607211589813232,8.423969268798828
14,45,6.39549446105957,8.164523124694824
14,45,39.14258575439453,73.12628173828125
14,45,4.237179756164551,4.911968231201172
14,45,32.75730514526367,43.52262878417969
14,45,3.1419317722320557,3.9538094997406006
14,45,26.403789520263672,89.48684692382812
14,45,8.216729164123535,11.345813751220703
14,45,17.711153030395508,28.717557907104492
14,45,6.637448787689209,7.619099140167236
14,45,10.198144912719727,12.492743492126465
14,45,5.306543827056885,6.790485382080078
4,22,5.02000093460083,7.3015313148498535
4,22,7.566098690032959,8.322624206542969
4,22,19.2775936126709,29.81884002685547
4,22,9.720333099365234,12.227947235107422
4,22,4.908553123474121,5.46427059173584
4,22,8.742124557495117,11.514890670776367
4,22,5.489027976989746,6.684285640716553
4,22,8.365026473999023,10.531179428100586
4,22,10.850017547607422,15.31579875946045
4,22,6.457686424255371,7.1443305015563965
4,22,9.324965476989746,13.820405960083008
4,22,5.890015602111816,7.5812458992004395
4,22,5.783509254455566,6.125864505767822
4,22,4.843261241912842,5.091544151306152
4,35,5.859271049499512,7.16917085647583
4,35,12.423965454101562,17.045761108398438
4,35,6.873028755187988,8.28120231628418
4,35,8.312313079833984,9.448813438415527
4,35,9.453072547912598,9.863985061645508
4,35,5.5369110107421875,6.2482075691223145
4,35,8.268489837646484,9.33626937866211
4,35,10.083907127380371,13.711248397827148
4,35,7.395124912261963,8.93076229095459
4,35,10.253314018249512,11.881207466125488
4,35,9.606295585632324,10.957747459411621
4,35,9.111157417297363,11.8038330078125
4,35,23.483821868896484,35.081321716308594
4,35,11.409171104431152,13.87369441986084
8,55,12.497831344604492,15.160713195800781
8,55,7.395367622375488,8.751764297485352
8,55,7.129922389984131,8.247215270996094
8,55,7.398526668548584,8.900436401367188
8,55,7.819996356964111,9.199734687805176
8,55,7.347516059875488,8.625581741333008
8,55,7.410735130310059,8.710957527160645
8,55,7.174018383026123,8.288764953613281
8,55,7.159327983856201,8.283556938171387
8,55,42.19723129272461,68.4256591796875
8,55,7.462894916534424,8.778656959533691
8,55,7.430791854858398,8.73363208770752
8,55,7.194865703582764,8.308198928833008
8,55,7.294280052185059,8.508330345153809
4,3,14.093897819519043,18.25958251953125
4,3,6.415302753448486,6.644298076629639
4,3,6.868893146514893,8.204207420349121
4,3,11.200377464294434,12.79176139831543
4,3,10.246231079101562,12.379996299743652
4,3,10.367141723632812,11.923052787780762
4,3,9.755091667175293,12.908883094787598
4,3,6.449819087982178,7.1701765060424805
4,3,7.3432207107543945,8.224671363830566
4,3,14.914705276489258,19.705183029174805
4,3,7.316315650939941,9.98445987701416
4,3,11.456677436828613,13.097822189331055
4,3,13.942900657653809,18.56755256652832
4,3,8.236777305603027,9.077865600585938
18,26,34.16301727294922,46.279605865478516
18,26,14.495259284973145,21.651687622070312
18,26,20.788639068603516,28.652568817138672
18,26,44.45607376098633,73.41051483154297
18,26,23.34955596923828,34.29977035522461
18,26,51.43000030517578,91.7647476196289
18,26,14.804569244384766,18.674036026000977
18,26,22.690128326416016,28.442401885986328
18,26,29.86069679260254,50.48349380493164
18,26,9.61934757232666,12.956670761108398
4,48,14.316670417785645,17.0482234954834
4,48,21.63488006591797,27.09467887878418
4,48,13.822012901306152,19.668025970458984
4,48,11.3839111328125,15.35409927368164
4,48,9.110148429870605,10.899333000183105
4,48,11.857708930969238,18.991682052612305
4,48,20.36226463317871,30.331890106201172
4,48,11.933974266052246,16.463088989257812
4,48,5.131089210510254,6.503383159637451
4,48,17.742021560668945,26.484169006347656
4,48,17.13302993774414,25.863100051879883
4,48,8.41737174987793,11.312554359436035
4,48,19.95230484008789,34.259788513183594
4,48,7.198009014129639,9.526596069335938
8,4,18.639232635498047,27.788930892944336
8,4,23.709815979003906,36.76024627685547
8,4,16.51381492614746,21.81214141845703
8,4,36.29199981689453,65.54694366455078
8,4,28.758060455322266,44.95012664794922
8,4,10.176779747009277,13.767868995666504
8,4,41.841697692871094,67.76976776123047
8,4,37.44813919067383,49.89744186401367
8,4,19.003515243530273,28.35759735107422
8,4,12.691731452941895,19.824779510498047
8,4,19.748226165771484,31.165651321411133
8,4,15.34706974029541,20.845611572265625
8,4,16.295801162719727,24.76032257080078
8,4,15.93674373626709,23.289525985717773
14,26,7.141530990600586,10.297491073608398
14,26,6.5528459548950195,9.39100170135498
14,26,8.13691520690918,10.645835876464844
14,26,35.04829406738281,52.9884147644043
14,26,14.74428939819336,17.477832794189453
14,26,6.689045429229736,7.294754505157471
14,26,9.161947250366211,12.618840217590332
14,26,6.319790840148926,8.387809753417969
14,26,6.641686916351318,8.730464935302734
14,26,19.0552921295166,27.84747314453125
14,26,10.436416625976562,12.149789810180664
14,26,4.59377908706665,5.609951019287109
14,26,11.146849632263184,15.061763763427734
14,26,6.60447883605957,8.649633407592773
4,47,5.566475868225098,6.478877067565918
4,47,28.47369384765625,43.74726867675781
4,47,11.729419708251953,17.254945755004883
4,47,14.006684303283691,19.178590774536133
4,47,8.320564270019531,9.431632041931152
4,47,5.472065448760986,6.306331634521484
4,47,5.67392635345459,6.82989501953125
4,47,12.892531394958496,17.897573471069336
4,47,14.165356636047363,20.449813842773438
4,47,6.123011589050293,6.999744415283203
4,47,12.593602180480957,15.726977348327637
4,47,5.77491569519043,6.664527893066406
4,47,32.39385223388672,91.7955093383789
4,47,5.375456809997559,5.979099750518799
24,53,15.757040023803711,16.72640609741211
24,53,25.088665008544922,41.993568420410156
24,53,23.10256004333496,28.503440856933594
24,53,12.89266586303711,13.371294975280762
24,53,15.018366813659668,19.59927749633789
24,53,47.358642578125,83.5976791381836
24,53,16.104536056518555,22.609588623046875
24,53,12.216043472290039,12.50464916229248
24,53,33.05704116821289,42.4102668762207
24,53,13.58638858795166,15.963994026184082
24,53,23.37456512451172,30.98512840270996
24,53,23.9165096282959,72.22584533691406
24,53,13.65428638458252,17.915456771850586
24,53,17.459928512573242,22.641796112060547
8,53,17.880964279174805,25.47968864440918
8,53,7.7255024909973145,8.028035163879395
8,53,14.12303638458252,20.31057357788086
8,53,37.3261604309082,49.895111083984375
8,53,7.437459945678711,9.206488609313965
8,53,21.87171173095703,35.53596496582031
8,53,6.460704326629639,8.16574764251709
8,53,11.85414981842041,16.14276695251465
8,53,21.82941246032715,34.5783576965332
8,53,7.114531517028809,8.202849388122559
8,53,33.44359588623047,42.245811462402344
8,53,43.381553649902344,76.66941833496094
8,53,17.865262985229492,21.782169342041016
8,53,11.770673751831055,17.170129776000977
8,45,16.221569061279297,17.631132125854492
8,45,5.599532127380371,7.142429828643799
8,45,16.200702667236328,17.553621292114258
8,45,6.748104572296143,8.308910369873047
8,45,16.160966873168945,17.51708221435547
8,45,16.118833541870117,17.450170516967773
8,45,16.169078826904297,17.51673126220703
8,45,4.471667289733887,5.161725044250488
8,45,16.088762283325195,17.439905166625977
8,45,9.34979248046875,10.480761528015137
8,45,25.969852447509766,35.35628890991211
8,45,19.091218948364258,28.183134078979492
8,45,18.76148796081543,23.15520668029785
8,45,18.01517677307129,20.781700134277344
4,49,12.37042236328125,16.26067352294922
4,49,36.17547607421875,77.9153060913086
4,49,16.09520149230957,24.990636825561523
4,49,25.866533279418945,42.837799072265625
4,49,9.383408546447754,12.531664848327637
4,49,43.02539825439453,126.28089141845703
4,49,19.4500789642334,26.142959594726562
4,49,8.587371826171875,12.792559623718262
4,49,19.630298614501953,25.86503791809082
4,49,36.08998107910156,62.295860290527344
4,49,10.823175430297852,13.428324699401855
4,49,17.599702835083008,24.613859176635742
4,49,7.190577983856201,8.5341157913208
4,49,15.893941879272461,23.538959503173828
8,21,2.991013526916504,3.616203784942627
8,21,3.6008687019348145,4.345103740692139
8,21,6.992652416229248,8.245109558105469
8,21,1.5713114738464355,2.4801905155181885
8,21,3.7061049938201904,4.433680057525635
8,21,3.769759178161621,4.4329400062561035
8,21,2.5443077087402344,3.3243744373321533
8,21,3.5993127822875977,4.355672359466553
8,21,2.752967357635498,3.5255000591278076
8,21,6.44890022277832,9.318893432617188
8,21,3.335097074508667,4.096995830535889
8,21,7.251982688903809,10.400936126708984
8,21,3.4802160263061523,4.215145111083984
8,21,3.9530625343322754,5.173365116119385
24,45,16.474287033081055,25.988008499145508
24,45,11.245041847229004,11.999810218811035
24,45,17.239198684692383,25.135725021362305
24,45,11.358673095703125,16.214120864868164
24,45,20.81774139404297,26.739259719848633
24,45,8.061403274536133,10.497237205505371
24,45,15.70820140838623,21.653051376342773
24,45,8.529074668884277,9.29955768585205
24,45,8.837435722351074,9.638376235961914
24,45,10.545034408569336,11.865633964538574
24,45,8.50183391571045,9.650445938110352
24,45,8.641251564025879,9.398614883422852
24,45,7.571081638336182,10.1555814743042
24,45,10.44379711151123,15.58268928527832
18,4,15.520329475402832,20.192577362060547
18,4,8.183871269226074,9.021486282348633
18,4,7.168882369995117,9.816951751708984
18,4,6.201173305511475,7.914210319519043
18,4,6.533330917358398,9.42577838897705
18,4,13.713979721069336,16.479745864868164
18,4,7.48758602142334,9.375170707702637
18,4,5.7656145095825195,6.343625545501709
18,4,5.706511497497559,6.282958984375
18,4,4.470550537109375,5.219942569732666
18,4,9.723563194274902,11.728854179382324
8,60,3.5548813343048096,4.146083354949951
8,60,6.904478073120117,10.150458335876465
8,60,5.869124412536621,6.722156524658203
8,60,7.718107223510742,8.255096435546875
8,60,7.050026893615723,8.362292289733887
8,60,3.164001941680908,3.8620269298553467
8,60,4.0402727127075195,4.594397068023682
8,60,3.798891305923462,4.394547939300537
8,60,3.7534546852111816,4.285137176513672
8,60,3.0023767948150635,3.7751781940460205
8,60,4.238171577453613,4.657134532928467
8,60,3.5758635997772217,4.2555670738220215
8,60,6.353421211242676,8.053540229797363
8,60,5.576615810394287,6.774182319641113
18,23,10.72969913482666,11.752519607543945
18,23,17.759246826171875,25.251375198364258
18,23,23.93954086303711,34.44260025024414
18,23,23.12318229675293,29.772369384765625
18,23,17.933460235595703,23.248306274414062
18,23,21.029237747192383,27.197101593017578
18,23,16.217674255371094,25.744903564453125
18,23,27.289098739624023,39.87064743041992
18,23,9.79976749420166,11.94069766998291
18,23,27.733434677124023,39.59498977661133
18,45,6.45103120803833,9.524312973022461
18,45,3.3695261478424072,4.758923053741455
18,45,9.852792739868164,13.105809211730957
18,45,5.5176191329956055,6.648958683013916
18,45,14.99848461151123,19.241025924682617
18,45,3.7174384593963623,4.544511318206787
18,45,24.03322410583496,33.462013244628906
18,45,15.862798690795898,22.965511322021484
18,45,10.937670707702637,14.079032897949219
18,45,22.043306350708008,27.76512908935547
24,44,5.03271484375,6.01515007019043
24,44,6.898774147033691,8.680992126464844
24,44,12.825185775756836,16.736608505249023
24,44,10.235992431640625,11.614439010620117
24,44,4.2111592292785645,5.3030619621276855
24,44,3.0278971195220947,4.092644691467285
24,44,9.349003791809082,11.615691184997559
24,44,8.920248031616211,11.219419479370117
24,44,16.636037826538086,22.58831214904785
24,44,9.88833999633789,12.77558708190918
24,44,9.187270164489746,12.055984497070312
24,44,4.169155597686768,5.419503688812256
24,44,7.2118377685546875,8.481127738952637
24,44,9.78267765045166,12.702788352966309
14,60,3.7057888507843018,4.4622697830200195
14,60,3.8294310569763184,4.605956077575684
14,60,4.964868545532227,6.929161071777344
14,60,6.337549686431885,7.945857524871826
14,60,11.371557235717773,16.068191528320312
14,60,9.16971492767334,13.80883502960205
14,60,6.107853412628174,7.78513765335083
14,60,7.873629570007324,11.064613342285156
14,60,3.9148290157318115,4.855537414550781
14,60,3.499372720718384,4.608402252197266
14,60,4.008621692657471,4.726262092590332
14,60,3.534327983856201,4.3083930015563965
14,60,5.402798652648926,7.01574182510376
14,60,7.870260715484619,10.912799835205078
25,84,39.38804244995117,71.07167053222656
25,84,17.48781394958496,24.61118507385254
25,84,37.7010383605957,50.89963150024414
25,84,32.911216735839844,44.52443313598633
25,84,13.627068519592285,17.0423641204834
25,84,7.20725154876709,9.433035850524902
25,84,50.79224395751953,118.29287719726562
25,84,32.098812103271484,48.8522834777832
25,84,8.218914031982422,10.393680572509766
25,84,15.135869026184082,26.21107292175293
25,84,7.968254566192627,10.173436164855957
25,84,50.48744583129883,79.96714782714844
25,84,22.93938446044922,85.96329498291016
25,84,8.26677131652832,10.467326164245605
4,44,9.714289665222168,14.468263626098633
4,44,8.849400520324707,11.820910453796387
4,44,7.594268798828125,9.78182315826416
4,44,25.345869064331055,38.349483489990234
4,44,9.942169189453125,11.966075897216797
4,44,18.88157081604004,28.988771438598633
4,44,6.32199239730835,9.291610717773438
4,44,6.896292686462402,9.279413223266602
4,44,16.355518341064453,28.456201553344727
4,44,12.589255332946777,18.995241165161133
4,44,9.54959487915039,12.054798126220703
4,44,6.210329055786133,8.709089279174805
4,44,6.135054588317871,8.244641304016113
4,44,17.075590133666992,27.633146286010742
8,84,4.860548973083496,5.161267280578613
8,84,4.059232711791992,4.510476112365723
8,84,14.777059555053711,19.02606201171875
8,84,5.274930477142334,6.662801742553711
8,84,18.759809494018555,27.191112518310547
8,84,25.675052642822266,31.29984474182129
8,84,5.181574821472168,6.507846355438232
8,84,4.675380229949951,5.0317792892456055
8,84,9.10647964477539,13.057793617248535
8,84,4.755465507507324,5.123711585998535
8,84,10.097757339477539,14.685523986816406
8,84,7.793767929077148,9.178899765014648
8,84,9.224180221557617,11.252561569213867
8,84,39.87992477416992,56.305049896240234
14,7,7.9749956130981445,9.040839195251465
14,7,4.886666774749756,6.270634651184082
14,7,13.721800804138184,19.257606506347656
14,7,14.312826156616211,20.72873878479004
14,7,5.872655868530273,7.121764183044434
14,7,5.988310813903809,6.50888204574585
14,7,5.928971290588379,8.402253150939941
14,7,8.81432056427002,11.068199157714844
14,7,13.081284523010254,17.315576553344727
14,7,12.080585479736328,17.073108673095703
14,7,7.3056206703186035,9.35701847076416
14,7,14.279215812683105,16.790807723999023
14,7,11.97108268737793,15.18187427520752
14,7,11.371504783630371,15.115592956542969
25,3,31.59964942932129,44.04640197753906
25,3,23.002119064331055,35.2949104309082
25,3,29.096593856811523,39.68620300292969
25,3,46.093040466308594,95.97869873046875
25,3,20.290544509887695,38.858314514160156
25,3,19.376766204833984,31.73736572265625
25,3,46.214378356933594,74.69331359863281
25,3,38.963661193847656,70.20374298095703
25,3,26.07818031311035,41.035457611083984
25,3,20.778404235839844,30.685274124145508
25,3,37.12411880493164,111.45664978027344
25,3,44.67832946777344,76.88429260253906
25,3,49.55190658569336,72.77135467529297
25,3,5.0622992515563965,5.744077205657959
25,22,8.723919868469238,12.946905136108398
25,22,23.20633888244629,103.6810302734375
25,22,7.998239994049072,10.181889533996582
25,22,9.326651573181152,16.67402458190918
25,22,49.73503875732422,81.75393676757812
25,22,6.646358966827393,8.461466789245605
25,22,7.940821170806885,10.52266788482666
25,22,24.843217849731445,95.2557144165039
25,22,7.422746658325195,10.344358444213867
25,22,32.98454666137695,49.684505462646484
25,22,17.244901657104492,30.473299026489258
25,22,9.406518936157227,13.761041641235352
25,22,7.931120872497559,10.012988090515137
25,22,31.97817039489746,45.23619079589844
24,30,4.752620220184326,6.04592752456665
24,30,5.992568492889404,6.3776984214782715
24,30,10.884082794189453,12.686849594116211
24,30,10.051006317138672,11.286188125610352
24,30,6.110442161560059,7.400165557861328
24,30,6.086310386657715,6.9232048988342285
24,30,5.419772624969482,5.657554626464844
24,30,7.4751081466674805,9.820891380310059
24,30,14.485308647155762,19.995656967163086
24,30,8.753622055053711,10.20925235748291
24,30,3.6314027309417725,4.18441104888916
24,30,10.359278678894043,12.837226867675781
24,30,4.157988548278809,4.753289222717285
24,30,4.601483345031738,5.336721420288086
14,84,7.105613708496094,7.538232803344727
14,84,6.9988274574279785,8.663568496704102
14,84,5.3272480964660645,5.649774551391602
14,84,6.858397483825684,7.272592067718506
14,84,7.198460578918457,8.818916320800781
14,84,5.2991814613342285,5.6111860275268555
14,84,15.855472564697266,25.34738540649414
14,84,5.246724605560303,5.612493515014648
14,84,5.363736152648926,5.977424621582031
14,84,5.468206405639648,5.7673845291137695
14,84,5.276391983032227,5.569767475128174
14,84,17.114322662353516,20.65167999267578
14,84,6.942169189453125,7.286599159240723
14,84,6.929074287414551,7.279460906982422
25,60,11.718815803527832,63.01307678222656
25,60,15.566311836242676,24.067062377929688
25,60,18.28944206237793,32.00423049926758
25,60,14.553232192993164,24.71023941040039
25,60,18.61083221435547,29.862167358398438
25,60,18.588441848754883,29.98877716064453
25,60,10.954679489135742,16.03575325012207
25,60,7.214260578155518,12.500718116760254
25,60,39.16952133178711,65.31907653808594
25,60,32.89384078979492,88.66398620605469
25,60,6.691989421844482,8.878779411315918
25,60,30.71061897277832,151.3053436279297
25,60,5.927450656890869,7.37722635269165
25,60,21.052478790283203,33.819252014160156
24,84,16.88218879699707,20.234220504760742
24,84,9.693306922912598,11.882299423217773
24,84,7.630320072174072,11.683602333068848
24,84,19.335086822509766,31.583656311035156
24,84,12.138349533081055,19.158382415771484
24,84,12.962056159973145,25.036693572998047
24,84,7.757363796234131,11.143302917480469
24,84,6.794068336486816,9.09499454498291
24,84,10.183507919311523,14.824188232421875
24,84,20.177156448364258,27.64528465270996
24,84,16.425561904907227,23.44764518737793
24,84,8.16352653503418,11.142719268798828
24,84,9.969805717468262,12.0148286819458
24,84,8.12978744506836,11.205528259277344
8,30,21.806224822998047,31.804161071777344
8,30,5.665633201599121,6.1108551025390625
8,30,16.990798950195312,28.300861358642578
8,30,5.502919673919678,6.0351715087890625
8,30,8.778751373291016,12.915433883666992
8,30,18.21364402770996,30.88256072998047
8,30,7.60883092880249,9.036369323730469
8,30,5.842526912689209,6.209339141845703
8,30,15.571684837341309,28.300230026245117
8,30,5.986389636993408,6.40338134765625
8,30,6.339548110961914,7.333572864532471
8,30,6.998063087463379,11.952180862426758
8,30,23.466032028198242,35.72399139404297
8,30,8.207526206970215,10.305481910705566
25,7,53.78302764892578,85.53817749023438
25,7,11.257061958312988,15.542579650878906
25,7,45.83388900756836,128.510009765625
25,7,50.77849578857422,90.48921966552734
25,7,45.44159698486328,68.76493835449219
25,7,48.41494369506836,79.44851684570312
25,7,31.29512596130371,109.98894500732422
25,7,46.514183044433594,112.69950103759766
25,7,28.209049224853516,47.26923370361328
25,7,24.901491165161133,32.71458435058594
25,7,7.3757500648498535,7.844124794006348
25,7,18.29156494140625,32.77641677856445
25,7,5.613925457000732,7.336353778839111
25,7,41.60928726196289,114.70142364501953
4,55,33.35761642456055,55.42912673950195
4,55,7.959420680999756,10.050665855407715
4,55,13.792238235473633,22.93852424621582
4,55,11.245340347290039,19.320730209350586
4,55,6.200189113616943,6.722985744476318
4,55,43.035377502441406,61.231544494628906
4,55,36.74379348754883,69.04241180419922
4,55,9.91823673248291,12.629800796508789
4,55,8.937957763671875,11.390040397644043
4,55,13.169989585876465,15.905313491821289
4,55,40.567649841308594,80.75883483886719
4,55,41.46106719970703,88.48043823242188
4,55,9.274751663208008,11.23774528503418
4,55,9.1949462890625,13.688030242919922
8,15,7.073313236236572,7.1975626945495605
8,15,13.764913558959961,20.785429000854492
8,15,11.333806037902832,14.447321891784668
8,15,16.74037742614746,20.746505737304688
8,15,22.592782974243164,27.028724670410156
8,15,20.15410614013672,28.283355712890625
8,15,6.642404556274414,10.449531555175781
8,15,6.905734539031982,7.035043716430664
8,15,15.250689506530762,18.723546981811523
8,15,7.023999214172363,7.148024082183838
8,15,5.291051387786865,6.421969413757324
8,15,6.836974620819092,6.984506607055664
8,15,8.445609092712402,10.44350814819336
8,15,6.731364727020264,7.858202934265137
14,47,9.995861053466797,10.196235656738281
14,47,10.128315925598145,10.335851669311523
14,47,10.473588943481445,12.492774963378906
14,47,8.713235855102539,9.300494194030762
14,47,9.7922945022583,10.038982391357422
14,47,8.75660228729248,11.242287635803223
14,47,10.006016731262207,10.251999855041504
14,47,10.080860137939453,10.31844711303711
14,47,10.098421096801758,10.314241409301758
14,47,9.770209312438965,10.042960166931152
14,47,12.594807624816895,14.888644218444824
14,47,10.10975456237793,10.328760147094727
14,47,10.102293968200684,10.323976516723633
14,47,15.18045711517334,17.480947494506836
24,55,10.325498580932617,16.070409774780273
24,55,20.52764320373535,28.094356536865234
24,55,11.067010879516602,16.94296646118164
24,55,5.258559226989746,5.636200428009033
24,55,10.433517456054688,13.804243087768555
24,55,6.259716510772705,7.1409406661987305
24,55,7.521387577056885,8.03774356842041
24,55,14.333067893981934,18.30427360534668
24,55,11.715859413146973,12.498128890991211
24,55,20.0384521484375,26.5771541595459
24,55,17.104578018188477,20.46478843688965
24,55,8.700901985168457,9.843965530395508
24,55,10.989243507385254,12.597323417663574
24,55,6.435413837432861,6.797781944274902
4,59,8.042197227478027,8.822717666625977
4,59,7.2839202880859375,8.611641883850098
4,59,8.928524017333984,12.66557502746582
4,59,14.962244987487793,19.636234283447266
4,59,4.784117698669434,5.295886039733887
4,59,5.986626148223877,6.596410274505615
4,59,7.307004928588867,7.729455947875977
4,59,4.685750484466553,5.285795211791992
4,59,9.396154403686523,10.38015365600586
4,59,5.795618057250977,6.5023956298828125
4,59,7.795042991638184,9.109098434448242
4,59,6.051351547241211,6.591095447540283
4,59,6.427306652069092,8.165833473205566
4,59,5.342371940612793,6.533344268798828
4,45,7.409109115600586,9.185508728027344
4,45,5.8022074699401855,6.1475090980529785
4,45,13.889817237854004,18.42209243774414
4,45,5.863658428192139,6.487927436828613
4,45,11.166390419006348,17.20509910583496
4,45,5.196286201477051,5.511887073516846
4,45,8.843646049499512,12.15573787689209
4,45,5.468677043914795,5.732667922973633
4,45,7.908051490783691,8.972356796264648
4,45,8.841480255126953,10.618391036987305
4,45,11.722649574279785,13.250763893127441
4,45,8.623022079467773,12.36074447631836
4,45,27.740020751953125,44.90335464477539
4,45,22.003080368041992,43.482601165771484
18,35,9.913057327270508,11.486889839172363
18,35,25.159626007080078,32.87828063964844
18,35,10.565784454345703,12.24117374420166
18,35,41.30644989013672,53.81143569946289
18,35,10.873184204101562,12.753640174865723
18,35,12.713458061218262,14.50882625579834
18,35,11.856736183166504,16.982479095458984
18,35,15.07270336151123,24.402873992919922
18,35,8.729325294494629,10.295178413391113
18,35,42.467952728271484,62.98282241821289
18,35,18.89999771118164,25.897703170776367
18,35,9.794480323791504,11.313453674316406
18,35,17.029621124267578,26.417930603027344
18,35,10.807744026184082,13.153618812561035
4,23,41.972450256347656,68.75949096679688
4,23,56.95795440673828,95.45134735107422
4,23,14.152758598327637,17.2337646484375
4,23,16.91201400756836,20.081480026245117
4,23,50.4906005859375,117.79281616210938
4,23,23.535017013549805,32.02158737182617
4,23,42.639163970947266,94.8304214477539
4,23,16.14456558227539,21.38746452331543
4,23,28.113037109375,43.275901794433594
4,23,28.705692291259766,109.12564849853516
4,23,36.45359802246094,52.78472900390625
4,23,42.10735321044922,82.20616912841797
4,23,12.451802253723145,18.8071231842041
4,23,33.822296142578125,107.23976135253906
4,15,4.743201732635498,5.170843601226807
4,15,6.733177185058594,6.983532428741455
4,15,13.186784744262695,20.844955444335938
4,15,14.302225112915039,22.167123794555664
4,15,16.7281436920166,19.889892578125
4,15,6.608619689941406,6.840084075927734
4,15,4.865163326263428,5.26537561416626
4,15,22.652812957763672,69.25067901611328
4,15,6.694061279296875,6.940209865570068
4,15,5.112899303436279,5.759913921356201
4,15,9.102163314819336,13.004281044006348
4,15,10.192167282104492,11.674705505371094
4,15,19.50472068786621,84.67781829833984
4,15,9.131484985351562,14.987714767456055
24,49,19.137861251831055,30.601024627685547
24,49,9.91912841796875,13.11235237121582
24,49,10.279928207397461,13.661009788513184
24,49,12.572558403015137,15.867534637451172
24,49,23.179800033569336,55.90343475341797
24,49,12.810155868530273,18.050291061401367
24,49,16.354145050048828,18.878477096557617
24,49,12.984278678894043,15.297677040100098
24,49,5.47999906539917,6.486481666564941
24,49,19.91239356994629,24.763038635253906
24,49,21.434234619140625,26.484521865844727
24,49,10.274548530578613,12.40363883972168
24,49,16.027111053466797,22.362043380737305
24,49,9.193990707397461,11.005613327026367
24,48,13.989179611206055,20.22100830078125
24,48,15.536062240600586,20.027151107788086
24,48,30.894990921020508,40.34575271606445
24,48,7.58355712890625,8.729256629943848
24,48,11.502203941345215,13.635618209838867
24,48,7.1086649894714355,8.21639347076416
24,48,11.740086555480957,13.525565147399902
24,48,29.34888458251953,39.909542083740234
24,48,9.588703155517578,11.180821418762207
24,48,8.641254425048828,11.984188079833984
24,48,7.847963333129883,8.928629875183105
24,48,6.518507957458496,9.777901649475098
24,48,18.58578109741211,26.294031143188477
24,48,13.637350082397461,15.801362037658691
8,35,22.040666580200195,42.912967681884766
8,35,17.702266693115234,21.313562393188477
8,35,6.318692684173584,7.739227771759033
8,35,24.05677604675293,29.997276306152344
8,35,31.864748001098633,39.44472122192383
8,35,5.199507236480713,6.491389751434326
8,35,24.720050811767578,28.918962478637695
8,35,7.629988670349121,9.064105987548828
8,35,16.26506233215332,23.2640380859375
8,35,6.636175155639648,7.710485935211182
8,35,11.87195110321045,15.10872745513916
8,35,13.517287254333496,15.675178527832031
8,35,18.8319034576416,22.747329711914062
8,35,6.5615739822387695,8.124497413635254
18,83,13.149033546447754,16.753772735595703
18,83,17.225488662719727,23.668888092041016
18,83,13.12879467010498,17.027565002441406
18,83,14.890960693359375,20.250743865966797
18,83,25.022363662719727,33.71064758300781
18,83,14.567667961120605,21.99678611755371
18,83,4.267827033996582,7.199298858642578
18,83,12.491413116455078,17.905113220214844
18,83,8.498992919921875,12.501343727111816
18,83,27.489450454711914,63.687870025634766
18,83,9.981404304504395,12.958968162536621
18,83,31.457134246826172,89.76970672607422
4,30,6.016717433929443,6.458242893218994
4,30,5.283427715301514,5.7704973220825195
4,30,5.741941928863525,6.150979995727539
4,30,5.559327602386475,5.797792434692383
4,30,6.401668071746826,6.555670261383057
4,30,4.158024311065674,4.702947616577148
4,30,5.969216823577881,6.135868072509766
4,30,5.764979362487793,5.925971984863281
4,30,5.790390968322754,6.181982040405273
4,30,6.140854358673096,6.34197473526001
4,30,6.3824310302734375,6.5718092918396
4,30,4.475434303283691,5.19206428527832
4,30,7.184299945831299,8.196917533874512
4,30,6.273926258087158,7.371978282928467
25,55,14.139697074890137,18.76765251159668
25,55,25.786062240600586,31.875207901000977
25,55,8.428033828735352,9.742403030395508
25,55,15.25841236114502,24.1035213470459
25,55,15.688429832458496,26.295917510986328
25,55,10.960856437683105,11.183226585388184
25,55,10.080340385437012,12.617815971374512
25,55,30.420881271362305,46.70996856689453
25,55,17.011327743530273,27.400373458862305
25,55,28.02794075012207,118.93128967285156
25,55,23.217296600341797,63.822147369384766
25,55,20.063236236572266,25.095869064331055
25,55,15.546452522277832,19.6053466796875
25,55,10.603796005249023,10.958420753479004
14,48,2.4325857162475586,3.463693380355835
14,48,10.5885648727417,14.905778884887695
14,48,4.919336795806885,6.680202007293701
14,48,6.499496936798096,8.599028587341309
14,48,5.9685821533203125,7.645575523376465
14,48,4.572804927825928,6.608020782470703
14,48,7.862345218658447,10.507453918457031
14,48,7.7181196212768555,10.855934143066406
14,48,8.439319610595703,11.056388854980469
14,48,11.128103256225586,14.785343170166016
14,48,4.9240031242370605,6.097180366516113
14,48,5.252283573150635,8.47518539428711
14,48,5.159047603607178,7.158079624176025
14,48,8.173145294189453,11.330231666564941
14,30,6.8632659912109375,7.3894453048706055
14,30,12.503972053527832,16.048072814941406
14,30,5.602438449859619,5.747840881347656
14,30,8.908946990966797,10.473973274230957
14,30,8.881510734558105,10.192001342773438
14,30,4.267916202545166,4.957660675048828
14,30,6.704982280731201,7.382514953613281
14,30,7.00029182434082,8.369515419006348
14,30,6.605857849121094,7.164414882659912
14,30,6.037210941314697,6.839838027954102
14,30,5.5858283042907715,6.393118381500244
14,30,5.241638660430908,5.693580627441406
14,30,6.143509864807129,6.833108425140381
14,30,5.848443031311035,7.202159881591797
25,23,22.39176368713379,93.55036926269531
25,23,12.92916488647461,17.023653030395508
25,23,12.387871742248535,20.277292251586914
25,23,18.114030838012695,24.660945892333984
25,23,51.356563568115234,85.39864349365234
25,23,44.14075469970703,77.88200378417969
25,23,6.330957412719727,8.599414825439453
25,23,11.927530288696289,19.23614501953125
25,23,12.456634521484375,13.85818862915039
25,23,20.414134979248047,30.239269256591797
25,23,7.572685718536377,9.476255416870117
25,23,42.04529571533203,69.09678649902344
25,23,49.32219314575195,91.87833404541016
25,23,46.391014099121094,114.9188003540039
18,59,8.372634887695312,9.855181694030762
18,59,5.484740257263184,7.411825180053711
18,59,11.762909889221191,16.627540588378906
18,59,11.010062217712402,14.84097671508789
18,59,9.324614524841309,11.25954818725586
18,59,3.4737913608551025,4.199264049530029
18,59,12.599360466003418,16.901269912719727
18,59,13.447080612182617,22.228193283081055
18,59,14.6641263961792,17.32732391357422
18,59,8.398603439331055,10.200000762939453
25,45,56.56159591674805,113.0638198852539
25,45,25.82231903076172,47.030635833740234
25,45,7.1987223625183105,9.229162216186523
25,45,7.930701732635498,11.449886322021484
25,45,7.213442802429199,9.352280616760254
25,45,7.275357246398926,9.526623725891113
25,45,28.08447265625,94.72441864013672
25,45,14.81635856628418,17.91984748840332
25,45,20.131750106811523,26.945575714111328
25,45,41.85076904296875,70.46054077148438
25,45,28.045677185058594,100.64443969726562
25,45,32.525760650634766,51.839988708496094
25,45,14.025920867919922,16.96908187866211
25,45,36.200557708740234,54.377227783203125
14,49,5.383691310882568,7.059112071990967
14,49,10.895660400390625,12.94738483428955
14,49,3.239102602005005,4.371545314788818
14,49,8.144137382507324,9.737927436828613
14,49,12.170278549194336,14.884716987609863
14,49,10.05963134765625,12.235916137695312
14,49,5.81434965133667,7.138200759887695
14,49,2.9035379886627197,3.7549915313720703
14,49,4.213156700134277,5.044397354125977
14,49,8.475102424621582,11.17631721496582
14,49,5.839505672454834,7.172079563140869
14,49,5.77362060546875,7.44168758392334
14,49,2.653488874435425,3.5053911209106445
14,49,11.696818351745605,14.921623229980469
18,22,6.95689582824707,9.078405380249023
18,22,6.1480326652526855,7.840617656707764
18,22,6.664329528808594,8.750329971313477
18,22,6.3041157722473145,8.222672462463379
18,22,6.590239524841309,7.784064769744873
18,22,4.561764717102051,5.338813304901123
18,22,6.211569786071777,8.002267837524414
18,22,12.21511459350586,20.269508361816406
18,22,10.651090621948242,16.43075180053711
18,22,6.13917350769043,7.23128604888916
25,44,10.103255271911621,12.683841705322266
25,44,6.1899518966674805,7.029056072235107
25,44,6.544017314910889,8.180450439453125
25,44,8.557307243347168,14.425238609313965
25,44,8.518718719482422,11.104649543762207
25,44,9.553664207458496,12.510963439941406
25,44,10.179390907287598,18.294662475585938
25,44,4.840339660644531,6.224680423736572
25,44,11.238285064697266,17.569238662719727
25,44,10.740946769714355,14.369465827941895
25,44,9.024328231811523,11.43248176574707
25,44,7.526138782501221,10.351142883300781
25,44,25.55576515197754,36.585479736328125
25,44,14.256354331970215,22.775314331054688
8,83,25.770408630371094,44.05931091308594
8,83,4.04359769821167,4.997004508972168
8,83,7.631178855895996,9.476777076721191
8,83,12.748597145080566,19.117406845092773
8,83,20.02362060546875,28.421630859375
8,83,16.067384719848633,25.269290924072266
8,83,14.360158920288086,24.65719985961914
8,83,15.053790092468262,19.610734939575195
8,83,5.90464448928833,6.780584335327148
8,83,5.306082248687744,6.631596565246582
8,83,8.612085342407227,14.330513954162598
8,83,10.63620376586914,13.177035331726074
8,83,18.197965621948242,28.387008666992188
8,83,5.0840067863464355,6.105624198913574
18,15,7.934891223907471,11.695561408996582
18,15,7.203738212585449,8.720805168151855
18,15,12.2443265914917,15.924741744995117
18,15,10.334741592407227,11.595479965209961
18,15,8.464722633361816,10.068267822265625
18,15,8.800921440124512,10.463793754577637
18,15,10.367870330810547,14.40524673461914
18,15,9.849324226379395,11.892717361450195
18,15,13.008081436157227,15.077607154846191
18,15,9.307234764099121,11.326070785522461
8,44,6.209153175354004,7.773179054260254
8,44,6.742717266082764,10.395718574523926
8,44,8.824132919311523,12.765752792358398
8,44,8.016580581665039,11.50260066986084
8,44,6.743838310241699,8.123793601989746
8,44,4.310272693634033,4.9748663902282715
8,44,7.526257514953613,9.227264404296875
8,44,5.526913166046143,7.1550397872924805
8,44,6.742722511291504,8.242308616638184
8,44,6.169863700866699,7.372097015380859
8,44,9.012825965881348,12.690260887145996
8,44,6.649045944213867,8.320207595825195
8,44,5.823768138885498,7.545608043670654
8,44,3.947972059249878,4.778885364532471
14,53,16.980695724487305,21.461824417114258
14,53,5.247805118560791,5.821320533752441
14,53,14.979848861694336,19.29831886291504
14,53,5.464328289031982,6.320886135101318
14,53,15.951175689697266,23.060592651367188
14,53,17.36644744873047,21.966066360473633
14,53,11.086663246154785,13.766200065612793
14,53,9.985784530639648,13.730594635009766
14,53,6.260554313659668,7.114519119262695
14,53,5.654689311981201,6.067532062530518
14,53,17.459917068481445,22.04218292236328
14,53,13.269586563110352,16.637939453125
14,53,6.000691890716553,6.413376331329346
14,53,5.575814723968506,6.045038223266602
8,49,7.972248554229736,10.453831672668457
8,49,7.425917625427246,8.825319290161133
8,49,38.940670013427734,70.45407104492188
8,49,7.335251331329346,8.778305053710938
8,49,30.309682846069336,47.43727493286133
8,49,43.017215728759766,97.65724182128906
8,49,13.223402976989746,18.42204475402832
8,49,18.92563819885254,40.59513854980469
8,49,56.89366149902344,128.36497497558594
8,49,27.982542037963867,42.48165512084961
8,49,48.764991760253906,74.7027816772461
8,49,20.115501403808594,29.380630493164062
8,49,42.2889518737793,83.07978057861328
8,49,7.081450462341309,8.464483261108398
24,47,53.52867126464844,101.04792022705078
24,47,20.294069290161133,26.708038330078125
24,47,25.193986892700195,83.2604751586914
24,47,46.889530181884766,73.63097381591797
24,47,16.860990524291992,21.68070411682129
24,47,20.62497329711914,52.19529342651367
24,47,10.83224105834961,12.469307899475098
24,47,14.508103370666504,48.77165603637695
24,47,6.039091110229492,6.9761552810668945
24,47,9.209405899047852,9.805755615234375
24,47,9.428566932678223,11.40066909790039
24,47,5.390162467956543,6.671138763427734
24,47,8.726299285888672,10.364991188049316
24,47,11.254265785217285,13.657370567321777
8,48,6.827908515930176,8.435866355895996
8,48,10.172423362731934,11.832712173461914
8,48,5.674778938293457,6.524650573730469
8,48,5.605072975158691,6.3977131843566895
8,48,8.461727142333984,9.39645004272461
8,48,7.386904716491699,8.813508987426758
8,48,4.9473700523376465,5.921760559082031
8,48,5.333014011383057,6.8263020515441895
8,48,6.218306541442871,7.926660537719727
8,48,44.47385787963867,66.1744613647461
8,48,7.859241962432861,9.84665298461914
8,48,57.71977996826172,101.65950012207031
8,48,6.639012813568115,8.054839134216309
8,48,8.07292652130127,9.862473487854004
18,7,13.802963256835938,16.030109405517578
18,7,15.387049674987793,22.566598892211914
18,7,26.760290145874023,35.063133239746094
18,7,11.553730010986328,14.674002647399902
18,7,33.221580505371094,55.1935920715332
18,7,16.42783546447754,23.48830223083496
18,7,25.532344818115234,38.770992279052734
18,7,26.578256607055664,31.081233978271484
18,7,23.940542221069336,41.179935455322266
18,7,10.042459487915039,11.997732162475586
14,22,5.2999653816223145,5.990732192993164
14,22,8.806769371032715,12.519451141357422
14,22,4.775673866271973,5.49320650100708
14,22,8.579463005065918,9.982781410217285
14,22,7.496891498565674,9.461877822875977
14,22,10.857738494873047,14.438602447509766
14,22,9.88182258605957,15.071235656738281
14,22,5.918492317199707,8.108559608459473
14,22,5.997159004211426,8.32177448272705
14,22,12.453994750976562,20.360063552856445
14,22,7.2070393562316895,8.259140968322754
14,22,6.756182670593262,7.769824028015137
14,22,10.7718505859375,13.304834365844727
14,22,6.347867965698242,8.276947021484375
24,83,10.427252769470215,13.301488876342773
24,83,17.21404266357422,24.784597396850586
24,83,7.190954208374023,9.916147232055664
24,83,26.547433853149414,87.16804504394531
24,83,20.297391891479492,26.686384201049805
24,83,7.50654935836792,9.270480155944824
24,83,7.661695957183838,11.207268714904785
24,83,14.649453163146973,20.037267684936523
24,83,10.310378074645996,14.061174392700195
24,83,2.782388210296631,3.5633325576782227
24,83,11.55998706817627,16.950536727905273
24,83,8.233939170837402,11.924757957458496
24,83,32.305213928222656,55.62019348144531
24,83,12.750153541564941,17.503765106201172
14,55,6.070584774017334,6.9906907081604
14,55,10.243439674377441,10.651830673217773
14,55,25.668806076049805,40.29822540283203
14,55,6.570415019989014,7.129857063293457
14,55,9.859971046447754,10.220067024230957
14,55,14.795836448669434,17.49690818786621
14,55,8.590572357177734,11.149760246276855
14,55,10.248857498168945,11.06973648071289
14,55,6.585484981536865,7.235189437866211
14,55,10.098830223083496,15.555412292480469
14,55,6.574808120727539,7.155124664306641
14,55,6.614995002746582,7.580493927001953
14,55,10.213305473327637,10.551895141601562
14,55,6.560323238372803,7.152364253997803
25,35,36.18040466308594,57.78355407714844
25,35,27.00804901123047,50.455169677734375
25,35,32.01213455200195,46.46131134033203
25,35,10.821599960327148,12.456079483032227
25,35,14.673113822937012,17.261398315429688
25,35,9.464421272277832,10.48116683959961
25,35,16.10045051574707,26.038118362426758
25,35,20.78485107421875,80.35609436035156
25,35,19.766050338745117,33.147186279296875
25,35,12.588014602661133,13.698076248168945
25,35,8.559446334838867,11.949617385864258
25,35,12.974615097045898,16.262239456176758
25,35,13.018641471862793,16.288591384887695
25,35,46.33702087402344,64.65632629394531
25,48,10.980087280273438,14.394964218139648
25,48,37.04588317871094,52.66875076293945
25,48,8.719849586486816,12.541037559509277
25,48,24.955087661743164,41.333370208740234
25,48,31.982250213623047,46.25578689575195
25,48,10.8622465133667,13.218554496765137
25,48,8.281249046325684,12.054231643676758
25,48,40.19340896606445,79.39314270019531
25,48,8.549005508422852,11.666494369506836
25,48,34.32508087158203,50.55028533935547
25,48,47.87417221069336,79.16477966308594
25,48,9.085850715637207,11.349048614501953
25,48,25.63828468322754,36.91468048095703
25,48,9.244622230529785,11.467412948608398
25,4,51.82069396972656,106.97421264648438
25,4,6.967758655548096,9.793301582336426
25,4,6.891693115234375,7.947632312774658
25,4,54.04668045043945,89.9054946899414
25,4,13.803849220275879,17.335079193115234
25,4,11.701029777526855,17.626951217651367
25,4,53.33527374267578,90.83792114257812
25,4,32.93673324584961,58.93523025512695
25,4,5.733391284942627,6.632558345794678
25,4,21.538732528686523,114.73171997070312
25,4,24.94999885559082,126.31130981445312
25,4,22.68726921081543,99.0743408203125
25,4,36.79696273803711,136.5884552001953
25,4,23.032472610473633,35.627323150634766
18,53,38.71266555786133,57.65740203857422
18,53,9.300989151000977,10.609195709228516
18,53,40.53622817993164,60.40754318237305
18,53,13.951811790466309,18.24456214904785
18,53,43.54941940307617,70.25131225585938
18,53,17.18632698059082,28.149330139160156
18,53,16.63802719116211,22.288990020751953
18,53,28.03333282470703,44.82912826538086
18,53,14.630080223083496,19.175874710083008
18,53,27.081764221191406,43.79766082763672
18,47,10.553155899047852,12.044649124145508
18,47,7.165476322174072,7.318260669708252
18,47,12.292618751525879,14.332027435302734
18,47,16.715299606323242,25.897705078125
18,47,9.494304656982422,12.46626091003418
18,47,5.855678081512451,7.285067558288574
18,47,10.651921272277832,13.020528793334961
18,47,8.76448917388916,9.145597457885742
18,47,10.844079971313477,11.697182655334473
18,47,14.616925239562988,22.415374755859375
25,47,29.090843200683594,38.65654754638672
25,47,41.41840362548828,89.73802947998047
25,47,9.817306518554688,10.329560279846191
25,47,27.3031005859375,36.279788970947266
25,47,29.019390106201172,38.488548278808594
25,47,29.079944610595703,38.6512336730957
25,47,19.734601974487305,63.3126335144043
25,47,28.670082092285156,38.1845817565918
25,47,28.45098114013672,37.97012710571289
25,47,39.87366485595703,140.97384643554688
25,47,37.61259460449219,76.45699310302734
25,47,42.14842987060547,68.97439575195312
25,47,53.95067596435547,98.40267944335938
25,47,56.76057052612305,117.52336120605469
14,35,7.122363090515137,8.006979942321777
14,35,10.981768608093262,12.283251762390137
14,35,7.812807083129883,8.44859790802002
14,35,7.068802356719971,7.828101634979248
14,35,7.476375102996826,11.183867454528809
14,35,7.02844762802124,7.99416971206665
14,35,15.807497024536133,28.815690994262695
14,35,3.3513925075531006,4.6770710945129395
14,35,8.935958862304688,11.038198471069336
14,35,6.755347728729248,8.068771362304688
14,35,32.95764923095703,50.854164123535156
14,35,8.194734573364258,13.359748840332031
14,35,10.541318893432617,14.152560234069824
14,35,15.550618171691895,18.732864379882812
25,26,21.164615631103516,34.26123809814453
25,26,8.08132553100586,12.850695610046387
25,26,29.949153900146484,42.55075454711914
25,26,31.28213119506836,46.96331787109375
25,26,15.896722793579102,24.366260528564453
25,26,40.34794998168945,68.98973846435547
25,26,31.723758697509766,136.03271484375
25,26,20.419240951538086,110.02474212646484
25,26,30.748653411865234,60.179508209228516
25,26,10.2229642868042,16.91259765625
25,26,6.812040328979492,9.884892463684082
25,26,50.51701736450195,119.51534271240234
25,26,29.49015998840332,91.7962875366211
25,26,9.776956558227539,13.834115028381348
25,30,7.819756984710693,9.480680465698242
25,30,7.037389278411865,8.71647834777832
25,30,7.346678256988525,9.07129955291748
25,30,7.392634391784668,8.586711883544922
25,30,11.335555076599121,14.61553955078125
25,30,6.429454326629639,7.931636333465576
25,30,5.84715461730957,8.073765754699707
25,30,8.557560920715332,11.12978744506836
25,30,6.23163366317749,7.910556316375732
25,30,6.945933818817139,8.800015449523926
25,30,6.134493350982666,8.732690811157227
25,30,6.210385322570801,8.375926971435547
25,30,6.921124458312988,8.44589614868164
25,30,7.451063632965088,9.435163497924805
18,60,9.306946754455566,16.21601676940918
18,60,10.565261840820312,15.614270210266113
18,60,4.1706976890563965,4.6094865798950195
18,60,4.740461826324463,5.235714912414551
18,60,24.718120574951172,39.90825271606445
18,60,8.680207252502441,9.863359451293945
18,60,6.652092933654785,7.5291666984558105
18,60,5.825173854827881,6.254737377166748
18,60,4.288899898529053,4.682631492614746
18,60,6.034691333770752,7.487030506134033
25,15,7.421342372894287,8.277783393859863
25,15,7.7369384765625,9.091717720031738
25,15,10.956802368164062,12.934670448303223
25,15,25.283954620361328,37.27355194091797
25,15,10.089208602905273,13.91046142578125
25,15,6.824038982391357,7.9163641929626465
25,15,13.583170890808105,18.937641143798828
25,15,10.308894157409668,11.898428916931152
25,15,12.664708137512207,18.733848571777344
25,15,19.81879425048828,32.90627670288086
25,15,17.365039825439453,27.974132537841797
25,15,29.95625877380371,47.76984786987305
25,15,23.94760513305664,38.034263610839844
25,15,22.71573829650879,36.53880310058594
18,44,5.80853271484375,7.149411678314209
18,44,4.3424153327941895,5.751989364624023
18,44,14.491827011108398,20.061477661132812
18,44,7.047810077667236,9.161995887756348
18,44,5.319495677947998,7.300328254699707
18,44,7.651998996734619,10.802593231201172
18,44,11.690424919128418,14.42888355255127
18,44,10.759090423583984,14.225970268249512
18,44,10.153925895690918,11.864179611206055
18,44,13.92451000213623,21.029054641723633
18,44,7.543159008026123,10.648085594177246
18,44,6.560668468475342,8.295241355895996
18,44,14.600554466247559,22.605995178222656
18,44,16.324108123779297,23.599788665771484
4,4,13.36572265625,19.669710159301758
4,4,23.644081115722656,90.9772720336914
4,4,25.670215606689453,101.52567291259766
4,4,17.886472702026367,39.277259826660156
4,4,17.10019874572754,25.8450870513916
4,4,17.04652214050293,23.422176361083984
4,4,15.783766746520996,23.30012321472168
4,4,34.75151824951172,55.78881072998047
4,4,16.426828384399414,22.984689712524414
4,4,18.757728576660156,30.2441463470459
4,4,44.06388473510742,96.4060287475586
4,4,27.5242919921875,42.41624450683594
4,4,16.20753288269043,23.261634826660156
4,4,14.103678703308105,20.85272979736328
24,26,15.483943939208984,24.37311363220215
24,26,10.191896438598633,11.330780029296875
24,26,14.99673080444336,23.67719268798828
24,26,12.296372413635254,22.50843620300293
24,26,8.699483871459961,11.618352890014648
24,26,14.595271110534668,22.054227828979492
24,26,4.774792194366455,6.685131549835205
24,26,27.37528419494629,47.39408874511719
24,26,19.06801414489746,38.716705322265625
24,26,13.658208847045898,20.161983489990234
24,26,15.269968032836914,25.33649253845215
24,26,17.822050094604492,24.67367172241211
24,26,6.526885986328125,7.539024353027344
24,26,8.469705581665039,13.062600135803223
18,48,22.468664169311523,32.66795349121094
18,48,6.008233070373535,8.354988098144531
18,48,5.150563716888428,6.498500823974609
18,48,8.825535774230957,9.592333793640137
18,48,8.393706321716309,10.887043952941895
18,48,10.848515510559082,13.940595626831055
18,48,7.587319374084473,9.19099235534668
18,48,10.419075965881348,13.35358715057373
18,48,45.65700149536133,64.4931869506836
18,48,18.10614776611328,21.81486701965332
18,48,4.934565544128418,5.989223480224609
18,48,6.3024139404296875,7.272706031799316
18,48,5.477580547332764,6.597135066986084
18,48,17.94098663330078,24.699220657348633
25,59,24.818357467651367,42.67851257324219
25,59,8.12378215789795,14.81682014465332
25,59,6.777597904205322,9.526578903198242
25,59,11.759958267211914,18.559391021728516
25,59,35.31980514526367,56.444679260253906
25,59,31.28140640258789,43.407222747802734
25,59,14.994695663452148,24.26693344116211
25,59,8.302510261535645,16.114810943603516
25,59,38.00678634643555,70.94197082519531
25,59,33.89487075805664,145.11553955078125
25,59,6.75521993637085,10.267017364501953
25,59,33.03447723388672,49.1882209777832
25,59,21.79842758178711,35.367637634277344
25,59,17.92276954650879,34.59069061279297
24,4,15.104098320007324,20.092863082885742
24,4,6.840306282043457,7.025409698486328
24,4,7.148493766784668,7.339373588562012
24,4,6.83717679977417,7.0172271728515625
24,4,8.859272956848145,9.334932327270508
24,4,11.73797607421875,12.778578758239746
24,4,21.115659713745117,28.837337493896484
24,4,8.51589298248291,10.094841003417969
24,4,9.851237297058105,10.651741027832031
24,4,26.810171127319336,58.90217208862305
24,4,12.490373611450195,13.226751327514648
24,4,7.232908248901367,7.355135440826416
24,4,6.301262855529785,8.867298126220703
24,4,11.68713665008545,12.69193172454834
8,23,6.59503698348999,7.499669551849365
8,23,9.032120704650879,10.189798355102539
8,23,7.928589344024658,9.306669235229492
8,23,8.960309982299805,10.448002815246582
8,23,45.84980773925781,101.35636901855469
8,23,6.0513529777526855,7.721992492675781
8,23,9.534833908081055,13.483062744140625
8,23,21.973817825317383,33.695308685302734
8,23,17.76495933532715,28.08462905883789
8,23,7.461678504943848,9.718693733215332
8,23,18.574703216552734,27.405298233032227
8,23,16.60750389099121,39.55746078491211
8,23,11.336285591125488,16.76618194580078
8,23,9.087072372436523,11.638869285583496
4,53,10.780521392822266,13.094727516174316
4,53,7.498528957366943,8.107365608215332
4,53,15.372645378112793,23.132108688354492
4,53,11.687662124633789,13.531356811523438
4,53,26.311735153198242,32.2785758972168
4,53,8.46052074432373,10.228278160095215
4,53,15.413005828857422,19.179471969604492
4,53,15.71291732788086,20.760610580444336
4,53,16.371700286865234,22.07737159729004
4,53,11.604015350341797,16.370010375976562
4,53,9.899808883666992,12.190099716186523
4,53,11.405818939208984,12.602502822875977
4,53,15.502732276916504,18.396411895751953
4,53,14.706644058227539,22.11699104309082
18,3,8.116220474243164,9.510564804077148
18,3,26.119260787963867,29.82594108581543
18,3,65.23429107666016,113.79702758789062
18,3,27.77755355834961,32.2774658203125
18,3,12.957921981811523,16.051542282104492
18,3,35.26009750366211,64.83236694335938
18,3,7.576800346374512,11.106667518615723
18,3,51.39216232299805,106.93228149414062
18,3,44.204959869384766,65.6729736328125
18,3,18.8535099029541,25.020465850830078
